Region,Codigo region,Comuna,Codigo comuna,Poblacion,2020-03-30,2020-04-01,2020-04-03,2020-04-06,2020-04-08,2020-04-10,2020-04-13,2020-04-15,2020-04-17,2020-04-20,2020-04-24,2020-04-27,2020-05-01,2020-05-04,2020-05-08,2020-05-11,2020-05-15,2020-05-18,2020-05-22,2020-05-25,2020-05-29,2020-06-01,2020-06-05,2020-06-08,2020-06-12,2020-06-15,Tasa
Arica y Parinacota,15.0,Arica,15101.0,247552.0,6.0,6.0,12.0,41.0,63.0,87.0,115.0,124.0,134.0,166.0,224.0,270.0,297.0,310.0,328.0,353.0,371.0,405.0,477.0,525.0,596.0,653.0,806.0,904.0,1046.0,1176.0,475.1
Arica y Parinacota,15.0,Camarones,15102.0,1233.0,0.0,0.0,0.0,0.0,0.0,0.0,0.0,0.0,0.0,0.0,0.0,0.0,0.0,0.0,0.0,0.0,0.0,0.0,0.0,0.0,0.0,0.0,0.0,0.0,0.0,0.0,0.0
Arica y Parinacota,15.0,General Lagos,15202.0,810.0,0.0,0.0,0.0,0.0,0.0,0.0,0.0,0.0,0.0,0.0,0.0,0.0,0.0,0.0,0.0,0.0,0.0,0.0,0.0,0.0,0.0,0.0,0.0,0.0,0.0,0.0,0.0
Arica y Parinacota,15.0,Putre,15201.0,2515.0,0.0,0.0,0.0,0.0,0.0,0.0,0.0,0.0,0.0,0.0,0.0,0.0,0.0,0.0,0.0,0.0,0.0,0.0,0.0,0.0,0.0,0.0,0.0,1.0,2.0,3.0,119.3
Arica y Parinacota,15.0,Total,,252110.0,6.0,6.0,12.0,41.0,63.0,87.0,115.0,124.0,134.0,166.0,224.0,270.0,297.0,310.0,328.0,353.0,371.0,405.0,477.0,525.0,596.0,653.0,806.0,905.0,1048.0,1179.0,467.7
,,,,,,,,,,,,,,,,,,,,,,,,,,,,,,,
Tarapaca,1.0,Alto Hospicio,1107.0,129999.0,0.0,0.0,0.0,5.0,6.0,10.0,14.0,15.0,16.0,27.0,39.0,55.0,77.0,128.0,161.0,188.0,276.0,379.0,504.0,591.0,744.0,919.0,1062.0,1238.0,1345.0,1468.0,1129.2
Tarapaca,1.0,Camina,1402.0,1375.0,0.0,0.0,0.0,0.0,0.0,0.0,0.0,0.0,0.0,0.0,0.0,0.0,0.0,0.0,0.0,0.0,0.0,0.0,0.0,0.0,2.0,4.0,8.0,10.0,10.0,12.0,872.7
Tarapaca,1.0,Colchane,1403.0,1583.0,0.0,0.0,0.0,0.0,0.0,0.0,0.0,0.0,0.0,0.0,0.0,0.0,0.0,0.0,0.0,0.0,0.0,0.0,0.0,0.0,1.0,1.0,4.0,5.0,10.0,16.0,1010.7
Tarapaca,1.0,Huara,1404.0,3000.0,0.0,0.0,0.0,0.0,0.0,0.0,0.0,0.0,0.0,0.0,0.0,0.0,0.0,3.0,6.0,9.0,13.0,15.0,18.0,19.0,30.0,31.0,33.0,37.0,40.0,41.0,1366.7
Tarapaca,1.0,Iquique,1101.0,223463.0,5.0,9.0,10.0,13.0,16.0,18.0,26.0,26.0,31.0,36.0,58.0,75.0,90.0,122.0,253.0,308.0,440.0,610.0,812.0,951.0,1218.0,1447.0,1700.0,1904.0,2142.0,2379.0,1064.6
Tarapaca,1.0,Pica,1405.0,5958.0,0.0,0.0,0.0,0.0,0.0,5.0,10.0,19.0,24.0,28.0,31.0,31.0,31.0,31.0,35.0,37.0,37.0,39.0,37.0,39.0,45.0,51.0,57.0,59.0,60.0,67.0,1124.5
Tarapaca,1.0,Pozo Almonte,1401.0,17395.0,0.0,0.0,0.0,0.0,0.0,0.0,2.0,2.0,2.0,2.0,2.0,2.0,2.0,3.0,4.0,5.0,7.0,10.0,20.0,28.0,47.0,69.0,91.0,121.0,192.0,240.0,1379.7
Tarapaca,1.0,Total,,382773.0,5.0,10.0,13.0,21.0,26.0,35.0,52.0,62.0,73.0,93.0,130.0,163.0,200.0,287.0,459.0,547.0,773.0,1053.0,1391.0,1628.0,2087.0,2522.0,2955.0,3374.0,3799.0,4223.0,1103.3
,,,,,,,,,,,,,,,,,,,,,,,,,,,,,,,
Antofagasta,2.0,Antofagasta,2101.0,425725.0,29.0,32.0,44.0,54.0,60.0,82.0,106.0,122.0,145.0,184.0,261.0,303.0,378.0,479.0,601.0,658.0,843.0,998.0,1140.0,1243.0,1395.0,1550.0,1710.0,1876.0,2106.0,2339.0,549.4
Antofagasta,2.0,Calama,2201.0,190336.0,0.0,0.0,5.0,7.0,8.0,13.0,20.0,21.0,21.0,25.0,35.0,54.0,71.0,84.0,102.0,114.0,168.0,213.0,254.0,302.0,415.0,486.0,626.0,756.0,1138.0,1532.0,804.9
Antofagasta,2.0,Maria Elena,2302.0,6814.0,0.0,0.0,0.0,0.0,0.0,0.0,1.0,2.0,4.0,6.0,7.0,13.0,30.0,35.0,47.0,49.0,84.0,112.0,132.0,147.0,154.0,157.0,160.0,168.0,172.0,175.0,2568.2
Antofagasta,2.0,Mejillones,2102.0,14776.0,0.0,0.0,0.0,0.0,0.0,6.0,12.0,14.0,19.0,27.0,43.0,65.0,77.0,126.0,134.0,150.0,174.0,191.0,226.0,227.0,244.0,262.0,273.0,279.0,280.0,286.0,1935.6
Antofagasta,2.0,Ollague,2202.0,287.0,0.0,0.0,0.0,0.0,0.0,0.0,0.0,0.0,0.0,0.0,0.0,0.0,0.0,0.0,0.0,0.0,0.0,0.0,0.0,0.0,0.0,0.0,0.0,0.0,0.0,2.0,696.9
Antofagasta,2.0,San Pedro de Atacama,2203.0,10434.0,0.0,0.0,0.0,4.0,4.0,4.0,4.0,4.0,4.0,4.0,4.0,4.0,4.0,4.0,4.0,4.0,4.0,4.0,5.0,5.0,8.0,8.0,9.0,11.0,14.0,26.0,249.2
Antofagasta,2.0,Sierra Gorda,2103.0,1746.0,0.0,0.0,0.0,0.0,0.0,0.0,0.0,0.0,0.0,0.0,0.0,0.0,0.0,0.0,2.0,2.0,7.0,9.0,11.0,13.0,13.0,14.0,16.0,21.0,26.0,35.0,2004.6
Antofagasta,2.0,Taltal,2104.0,13657.0,0.0,0.0,0.0,0.0,0.0,0.0,3.0,7.0,7.0,7.0,7.0,7.0,7.0,8.0,8.0,9.0,16.0,17.0,23.0,25.0,26.0,33.0,37.0,37.0,41.0,42.0,307.5
Antofagasta,2.0,Tocopilla,2301.0,28079.0,0.0,0.0,0.0,0.0,0.0,0.0,3.0,6.0,11.0,11.0,11.0,11.0,12.0,13.0,14.0,15.0,19.0,24.0,25.0,28.0,30.0,32.0,35.0,38.0,44.0,46.0,163.8
Antofagasta,2.0,Total,,691854.0,35.0,39.0,54.0,68.0,77.0,110.0,149.0,176.0,211.0,264.0,368.0,457.0,579.0,749.0,912.0,1001.0,1315.0,1568.0,1816.0,1990.0,2285.0,2542.0,2866.0,3186.0,3821.0,4483.0,648.0
,,,,,,,,,,,,,,,,,,,,,,,,,,,,,,,
Atacama,3.0,Alto del Carmen,3302.0,5729.0,0.0,0.0,0.0,0.0,0.0,0.0,0.0,0.0,0.0,0.0,0.0,0.0,0.0,0.0,0.0,0.0,0.0,0.0,0.0,0.0,0.0,0.0,1.0,2.0,2.0,4.0,69.8
Atacama,3.0,Caldera,3102.0,19426.0,0.0,0.0,0.0,0.0,0.0,0.0,0.0,0.0,0.0,0.0,0.0,0.0,0.0,1.0,1.0,3.0,4.0,5.0,5.0,5.0,6.0,7.0,9.0,10.0,13.0,14.0,72.1
Atacama,3.0,Chanaral,3201.0,13164.0,0.0,0.0,0.0,0.0,0.0,0.0,0.0,0.0,0.0,0.0,0.0,0.0,0.0,0.0,0.0,0.0,0.0,0.0,0.0,0.0,1.0,1.0,1.0,1.0,3.0,3.0,22.8
Atacama,3.0,Copiapo,3101.0,171766.0,0.0,0.0,4.0,4.0,5.0,8.0,8.0,8.0,8.0,8.0,8.0,8.0,19.0,34.0,48.0,67.0,71.0,82.0,96.0,100.0,115.0,135.0,160.0,207.0,259.0,297.0,172.9
Atacama,3.0,Diego de Almagro,3202.0,14358.0,0.0,0.0,0.0,0.0,0.0,0.0,1.0,1.0,1.0,1.0,1.0,1.0,1.0,2.0,2.0,3.0,3.0,3.0,5.0,8.0,12.0,12.0,13.0,15.0,19.0,25.0,174.1
Atacama,3.0,Freirina,3303.0,7681.0,0.0,0.0,0.0,0.0,0.0,0.0,0.0,0.0,0.0,0.0,0.0,1.0,1.0,1.0,1.0,1.0,1.0,1.0,1.0,1.0,1.0,1.0,1.0,1.0,2.0,2.0,26.0
Atacama,3.0,Huasco,3304.0,11264.0,0.0,0.0,0.0,0.0,0.0,0.0,0.0,0.0,0.0,1.0,0.0,0.0,0.0,1.0,1.0,1.0,1.0,1.0,1.0,1.0,1.0,1.0,2.0,5.0,8.0,9.0,79.9
Atacama,3.0,Tierra Amarilla,3103.0,14312.0,0.0,0.0,0.0,0.0,0.0,4.0,4.0,4.0,4.0,4.0,5.0,6.0,7.0,9.0,9.0,19.0,22.0,23.0,23.0,23.0,24.0,24.0,25.0,26.0,30.0,35.0,244.6
Atacama,3.0,Vallenar,3301.0,57009.0,0.0,0.0,0.0,0.0,0.0,0.0,0.0,0.0,0.0,0.0,7.0,13.0,17.0,24.0,28.0,41.0,42.0,43.0,46.0,48.0,50.0,56.0,65.0,80.0,84.0,100.0,175.4
Atacama,3.0,Total,,314709.0,2.0,3.0,5.0,5.0,8.0,13.0,13.0,13.0,13.0,14.0,21.0,29.0,45.0,72.0,90.0,135.0,144.0,158.0,177.0,186.0,210.0,237.0,277.0,347.0,420.0,489.0,155.4
,,,,,,,,,,,,,,,,,,,,,,,,,,,,,,,
Coquimbo,4.0,Andacollo,4103.0,11791.0,0.0,0.0,0.0,0.0,0.0,0.0,0.0,0.0,0.0,0.0,0.0,0.0,0.0,2.0,3.0,3.0,3.0,3.0,4.0,4.0,13.0,13.0,17.0,19.0,25.0,25.0,212.0
Coquimbo,4.0,Canela,4202.0,9546.0,0.0,0.0,0.0,0.0,0.0,0.0,0.0,0.0,0.0,0.0,0.0,0.0,0.0,0.0,1.0,1.0,1.0,1.0,2.0,2.0,2.0,2.0,3.0,4.0,6.0,6.0,62.9
Coquimbo,4.0,Combarbala,4302.0,13884.0,0.0,0.0,0.0,0.0,0.0,0.0,0.0,0.0,0.0,0.0,0.0,0.0,0.0,0.0,0.0,2.0,2.0,5.0,6.0,7.0,9.0,14.0,14.0,20.0,20.0,20.0,144.1
Coquimbo,4.0,Coquimbo,4102.0,256735.0,17.0,19.0,19.0,19.0,19.0,21.0,21.0,19.0,20.0,23.0,24.0,26.0,29.0,31.0,35.0,38.0,49.0,56.0,67.0,74.0,192.0,202.0,281.0,363.0,470.0,543.0,211.5
Coquimbo,4.0,Illapel,4201.0,32801.0,0.0,0.0,0.0,7.0,12.0,13.0,17.0,19.0,19.0,18.0,18.0,18.0,18.0,19.0,19.0,19.0,19.0,19.0,19.0,19.0,21.0,25.0,31.0,43.0,53.0,55.0,167.7
Coquimbo,4.0,La Higuera,4104.0,4450.0,0.0,0.0,0.0,0.0,0.0,0.0,0.0,0.0,0.0,0.0,0.0,0.0,0.0,0.0,0.0,0.0,0.0,0.0,0.0,0.0,0.0,1.0,2.0,1.0,3.0,3.0,67.4
Coquimbo,4.0,La Serena,4101.0,249656.0,0.0,0.0,8.0,12.0,12.0,12.0,12.0,12.0,12.0,16.0,18.0,19.0,20.0,27.0,33.0,40.0,57.0,63.0,89.0,117.0,145.0,186.0,205.0,260.0,350.0,419.0,167.8
Coquimbo,4.0,Los Vilos,4203.0,23374.0,0.0,0.0,0.0,0.0,0.0,0.0,1.0,1.0,1.0,1.0,1.0,1.0,1.0,1.0,1.0,1.0,1.0,1.0,1.0,1.0,1.0,4.0,6.0,8.0,11.0,13.0,55.6
Coquimbo,4.0,Monte Patria,4303.0,32527.0,0.0,0.0,0.0,0.0,0.0,0.0,0.0,0.0,0.0,0.0,0.0,0.0,0.0,0.0,0.0,0.0,3.0,4.0,17.0,20.0,29.0,43.0,55.0,68.0,82.0,100.0,307.4
Coquimbo,4.0,Ovalle,4301.0,121269.0,4.0,4.0,4.0,7.0,7.0,8.0,8.0,8.0,8.0,9.0,9.0,9.0,10.0,11.0,16.0,24.0,35.0,48.0,59.0,70.0,97.0,137.0,171.0,257.0,329.0,402.0,331.5
Coquimbo,4.0,Paiguano,4105.0,4675.0,0.0,0.0,0.0,0.0,0.0,0.0,0.0,0.0,0.0,0.0,0.0,0.0,0.0,0.0,0.0,0.0,0.0,0.0,0.0,0.0,0.0,2.0,3.0,4.0,4.0,5.0,107.0
Coquimbo,4.0,Punitaqui,4304.0,12165.0,0.0,0.0,0.0,0.0,0.0,0.0,0.0,0.0,0.0,0.0,1.0,1.0,2.0,3.0,5.0,8.0,8.0,8.0,10.0,11.0,13.0,14.0,17.0,26.0,31.0,33.0,271.3
Coquimbo,4.0,Rio Hurtado,4305.0,4372.0,0.0,0.0,0.0,0.0,0.0,0.0,1.0,1.0,1.0,1.0,1.0,1.0,1.0,1.0,1.0,1.0,2.0,2.0,2.0,2.0,2.0,5.0,7.0,10.0,13.0,14.0,320.2
Coquimbo,4.0,Salamanca,4204.0,29110.0,0.0,0.0,0.0,4.0,4.0,5.0,6.0,6.0,7.0,7.0,7.0,7.0,7.0,8.0,9.0,10.0,12.0,10.0,11.0,12.0,14.0,19.0,22.0,37.0,42.0,44.0,151.2
Coquimbo,4.0,Vicuna,4106.0,29741.0,0.0,0.0,0.0,0.0,0.0,0.0,0.0,0.0,0.0,0.0,0.0,0.0,0.0,1.0,1.0,2.0,5.0,7.0,10.0,12.0,14.0,14.0,17.0,19.0,21.0,23.0,77.3
Coquimbo,4.0,Total,,836096.0,27.0,30.0,35.0,51.0,56.0,61.0,66.0,66.0,68.0,75.0,79.0,82.0,88.0,104.0,124.0,149.0,197.0,227.0,297.0,351.0,552.0,681.0,851.0,1139.0,1460.0,1705.0,203.9
,,,,,,,,,,,,,,,,,,,,,,,,,,,,,,,
Valparaiso,5.0,Algarrobo,5602.0,15174.0,7.0,7.0,9.0,9.0,8.0,8.0,8.0,9.0,9.0,9.0,9.0,10.0,10.0,10.0,12.0,14.0,19.0,23.0,32.0,33.0,36.0,42.0,48.0,57.0,67.0,72.0,474.5
Valparaiso,5.0,Cabildo,5402.0,20663.0,0.0,0.0,0.0,0.0,0.0,0.0,0.0,0.0,0.0,1.0,0.0,3.0,4.0,5.0,5.0,6.0,7.0,9.0,11.0,13.0,18.0,18.0,24.0,32.0,36.0,42.0,203.3
Valparaiso,5.0,Calera,5502.0,53591.0,6.0,6.0,7.0,7.0,9.0,9.0,9.0,11.0,13.0,16.0,22.0,22.0,22.0,22.0,22.0,25.0,28.0,31.0,39.0,42.0,51.0,64.0,82.0,94.0,112.0,141.0,263.1
Valparaiso,5.0,Calle Larga,5302.0,16482.0,0.0,0.0,0.0,0.0,0.0,0.0,2.0,2.0,4.0,5.0,6.0,6.0,6.0,6.0,10.0,10.0,12.0,12.0,20.0,23.0,36.0,44.0,61.0,81.0,90.0,99.0,600.7
Valparaiso,5.0,Cartagena,5603.0,25357.0,0.0,0.0,0.0,0.0,0.0,0.0,2.0,2.0,2.0,2.0,6.0,6.0,8.0,9.0,14.0,15.0,21.0,23.0,31.0,36.0,42.0,46.0,54.0,61.0,66.0,68.0,268.2
Valparaiso,5.0,Casablanca,5102.0,29170.0,0.0,0.0,0.0,0.0,0.0,0.0,3.0,3.0,3.0,3.0,3.0,3.0,3.0,3.0,4.0,4.0,13.0,13.0,21.0,21.0,23.0,26.0,35.0,43.0,58.0,63.0,216.0
Valparaiso,5.0,Catemu,5702.0,15213.0,0.0,0.0,0.0,0.0,0.0,0.0,0.0,0.0,0.0,0.0,0.0,0.0,0.0,1.0,1.0,2.0,2.0,4.0,5.0,7.0,10.0,10.0,17.0,27.0,38.0,44.0,289.2
Valparaiso,5.0,Concon,5103.0,45889.0,0.0,0.0,7.0,7.0,0.0,0.0,6.0,7.0,7.0,7.0,13.0,14.0,19.0,20.0,23.0,25.0,29.0,37.0,43.0,44.0,49.0,66.0,72.0,90.0,105.0,120.0,261.5
Valparaiso,5.0,El Quisco,5604.0,17742.0,0.0,0.0,0.0,0.0,0.0,0.0,3.0,4.0,6.0,8.0,11.0,11.0,11.0,12.0,16.0,18.0,23.0,26.0,30.0,33.0,44.0,51.0,66.0,69.0,82.0,82.0,462.2
Valparaiso,5.0,El Tabo,5605.0,14338.0,0.0,0.0,0.0,0.0,0.0,0.0,2.0,3.0,6.0,6.0,9.0,9.0,13.0,13.0,14.0,16.0,23.0,24.0,29.0,31.0,37.0,41.0,61.0,70.0,72.0,72.0,502.2
Valparaiso,5.0,Hijuelas,5503.0,19099.0,0.0,0.0,0.0,0.0,0.0,0.0,0.0,0.0,0.0,1.0,1.0,1.0,1.0,1.0,1.0,1.0,2.0,3.0,5.0,6.0,13.0,18.0,29.0,33.0,38.0,45.0,235.6
Valparaiso,5.0,Isla de Pascua,5201.0,8277.0,0.0,5.0,5.0,5.0,5.0,6.0,6.0,6.0,5.0,5.0,5.0,5.0,5.0,5.0,5.0,5.0,5.0,5.0,5.0,5.0,5.0,5.0,5.0,5.0,5.0,5.0,60.4
Valparaiso,5.0,Juan Fernandez,5104.0,1033.0,0.0,0.0,0.0,0.0,0.0,0.0,0.0,0.0,0.0,0.0,0.0,0.0,0.0,0.0,0.0,0.0,0.0,0.0,0.0,0.0,0.0,0.0,0.0,0.0,0.0,0.0,0.0
Valparaiso,5.0,La Cruz,5504.0,25321.0,0.0,0.0,0.0,0.0,0.0,0.0,5.0,5.0,5.0,7.0,8.0,8.0,9.0,10.0,14.0,17.0,19.0,22.0,24.0,24.0,26.0,28.0,33.0,36.0,49.0,57.0,225.1
Valparaiso,5.0,La Ligua,5401.0,37739.0,0.0,0.0,0.0,0.0,0.0,0.0,2.0,2.0,2.0,2.0,2.0,2.0,2.0,3.0,3.0,3.0,3.0,4.0,8.0,9.0,15.0,15.0,28.0,46.0,50.0,68.0,180.2
Valparaiso,5.0,Limache,5802.0,49931.0,0.0,0.0,0.0,4.0,5.0,7.0,8.0,13.0,20.0,20.0,23.0,23.0,23.0,22.0,25.0,28.0,47.0,54.0,68.0,79.0,85.0,94.0,125.0,146.0,179.0,205.0,410.6
Valparaiso,5.0,Llaillay,5703.0,26533.0,0.0,0.0,0.0,0.0,0.0,0.0,2.0,2.0,2.0,2.0,2.0,2.0,4.0,4.0,4.0,5.0,11.0,14.0,33.0,37.0,53.0,54.0,67.0,85.0,98.0,114.0,429.7
Valparaiso,5.0,Los Andes,5301.0,68093.0,0.0,0.0,0.0,0.0,6.0,6.0,6.0,7.0,9.0,9.0,6.0,7.0,9.0,9.0,15.0,25.0,28.0,35.0,72.0,92.0,128.0,146.0,194.0,273.0,323.0,370.0,543.4
Valparaiso,5.0,Nogales,5506.0,23490.0,0.0,0.0,0.0,0.0,0.0,0.0,0.0,0.0,0.0,0.0,0.0,0.0,0.0,0.0,0.0,1.0,3.0,5.0,9.0,12.0,14.0,16.0,21.0,25.0,28.0,34.0,144.7
Valparaiso,5.0,Olmue,5803.0,19266.0,0.0,0.0,0.0,0.0,0.0,0.0,1.0,1.0,2.0,2.0,2.0,2.0,2.0,2.0,2.0,2.0,3.0,3.0,6.0,8.0,15.0,17.0,24.0,25.0,28.0,36.0,186.9
Valparaiso,5.0,Panquehue,5704.0,7633.0,0.0,0.0,0.0,0.0,0.0,0.0,0.0,0.0,0.0,0.0,0.0,0.0,0.0,0.0,0.0,0.0,1.0,1.0,3.0,5.0,8.0,8.0,14.0,17.0,20.0,22.0,288.2
Valparaiso,5.0,Papudo,5403.0,6201.0,0.0,0.0,0.0,0.0,0.0,0.0,0.0,0.0,0.0,0.0,0.0,0.0,0.0,0.0,0.0,0.0,0.0,0.0,4.0,4.0,7.0,7.0,14.0,16.0,17.0,22.0,354.8
Valparaiso,5.0,Petorca,5404.0,10558.0,0.0,0.0,0.0,5.0,4.0,5.0,6.0,6.0,6.0,6.0,6.0,6.0,6.0,6.0,6.0,7.0,7.0,7.0,10.0,11.0,14.0,15.0,21.0,21.0,23.0,25.0,236.8
Valparaiso,5.0,Puchuncavi,5105.0,20071.0,0.0,0.0,0.0,0.0,0.0,0.0,0.0,0.0,0.0,0.0,0.0,0.0,0.0,0.0,0.0,0.0,0.0,0.0,4.0,5.0,7.0,15.0,18.0,24.0,35.0,49.0,244.1
Valparaiso,5.0,Putaendo,5705.0,17645.0,0.0,0.0,0.0,0.0,0.0,0.0,1.0,2.0,2.0,5.0,5.0,5.0,6.0,6.0,7.0,12.0,12.0,15.0,21.0,22.0,24.0,26.0,34.0,49.0,63.0,72.0,408.0
Valparaiso,5.0,Quillota,5501.0,97572.0,6.0,7.0,9.0,9.0,13.0,13.0,16.0,18.0,19.0,20.0,22.0,22.0,24.0,26.0,28.0,31.0,39.0,48.0,56.0,59.0,66.0,80.0,107.0,138.0,214.0,280.0,287.0
Valparaiso,5.0,Quilpue,5801.0,167085.0,11.0,10.0,11.0,12.0,15.0,18.0,20.0,21.0,22.0,27.0,30.0,30.0,38.0,40.0,50.0,55.0,88.0,104.0,124.0,155.0,188.0,226.0,285.0,321.0,368.0,410.0,245.4
Valparaiso,5.0,Quintero,5107.0,36135.0,0.0,0.0,0.0,0.0,0.0,4.0,5.0,4.0,4.0,4.0,6.0,9.0,10.0,10.0,14.0,16.0,23.0,29.0,33.0,41.0,56.0,79.0,97.0,122.0,148.0,168.0,464.9
Valparaiso,5.0,Rinconada,5303.0,11263.0,0.0,0.0,0.0,0.0,0.0,0.0,2.0,2.0,2.0,2.0,2.0,2.0,2.0,2.0,3.0,3.0,3.0,5.0,10.0,18.0,26.0,34.0,48.0,53.0,67.0,76.0,674.8
Valparaiso,5.0,San Antonio,5601.0,96761.0,0.0,4.0,8.0,9.0,9.0,13.0,17.0,19.0,28.0,34.0,46.0,53.0,72.0,86.0,125.0,147.0,191.0,225.0,280.0,286.0,359.0,389.0,472.0,538.0,616.0,633.0,654.2
Valparaiso,5.0,San Esteban,5304.0,20643.0,0.0,0.0,0.0,0.0,0.0,0.0,0.0,0.0,0.0,1.0,1.0,3.0,3.0,3.0,5.0,8.0,9.0,11.0,14.0,17.0,18.0,20.0,29.0,43.0,53.0,61.0,295.5
Valparaiso,5.0,San Felipe,5701.0,83494.0,0.0,0.0,5.0,5.0,6.0,6.0,6.0,6.0,6.0,6.0,6.0,6.0,9.0,9.0,12.0,17.0,30.0,37.0,72.0,87.0,112.0,129.0,187.0,267.0,356.0,403.0,482.7
Valparaiso,5.0,Santa Maria,5706.0,16367.0,0.0,0.0,0.0,0.0,0.0,0.0,2.0,2.0,2.0,2.0,2.0,2.0,13.0,16.0,19.0,20.0,20.0,20.0,26.0,26.0,30.0,30.0,33.0,46.0,59.0,62.0,378.8
Valparaiso,5.0,Santo Domingo,5606.0,11934.0,,0.0,0.0,0.0,5.0,5.0,5.0,10.0,11.0,12.0,17.0,17.0,19.0,22.0,21.0,25.0,29.0,33.0,35.0,35.0,38.0,41.0,50.0,57.0,78.0,78.0,653.6
Valparaiso,5.0,Valparaiso,5101.0,315732.0,16.0,26.0,23.0,26.0,36.0,39.0,44.0,45.0,51.0,59.0,67.0,68.0,95.0,109.0,169.0,190.0,255.0,300.0,354.0,412.0,482.0,593.0,765.0,922.0,1114.0,1322.0,418.7
Valparaiso,5.0,Villa Alemana,5804.0,139310.0,6.0,8.0,11.0,11.0,12.0,12.0,12.0,12.0,13.0,13.0,14.0,15.0,17.0,19.0,36.0,45.0,64.0,77.0,109.0,122.0,147.0,172.0,233.0,288.0,326.0,370.0,265.6
Valparaiso,5.0,Vina del Mar,5109.0,361371.0,29.0,38.0,47.0,53.0,66.0,69.0,72.0,75.0,84.0,94.0,103.0,109.0,123.0,135.0,168.0,200.0,275.0,327.0,408.0,476.0,589.0,724.0,861.0,992.0,1168.0,1314.0,363.6
Valparaiso,5.0,Zapallar,5405.0,7994.0,0.0,0.0,0.0,0.0,0.0,0.0,0.0,0.0,0.0,0.0,0.0,0.0,0.0,0.0,0.0,0.0,0.0,0.0,0.0,0.0,3.0,3.0,3.0,3.0,3.0,3.0,37.5
Valparaiso,5.0,Total,,1960170.0,102.0,136.0,176.0,198.0,225.0,241.0,273.0,299.0,345.0,390.0,455.0,481.0,588.0,646.0,853.0,998.0,1344.0,1586.0,2054.0,2336.0,2874.0,3392.0,4317.0,5215.0,6252.0,7107.0,362.6
,,,,,,,,,,,,,,,,,,,,,,,,,,,,,,,
Metropolitana,13.0,Alhue,13502.0,7405.0,0.0,0.0,0.0,0.0,0.0,0.0,0.0,0.0,0.0,0.0,0.0,0.0,0.0,0.0,0.0,0.0,0.0,0.0,2.0,3.0,5.0,7.0,7.0,10.0,16.0,22.0,297.1
Metropolitana,13.0,Buin,13402.0,109641.0,7.0,8.0,14.0,20.0,20.0,29.0,36.0,40.0,43.0,47.0,53.0,60.0,81.0,92.0,114.0,152.0,216.0,258.0,358.0,432.0,471.0,540.0,692.0,815.0,978.0,1044.0,952.2
Metropolitana,13.0,Calera de Tango,13403.0,28525.0,6.0,7.0,7.0,7.0,8.0,8.0,10.0,10.0,11.0,14.0,15.0,15.0,17.0,17.0,21.0,23.0,29.0,32.0,50.0,66.0,83.0,93.0,109.0,146.0,186.0,200.0,701.1
Metropolitana,13.0,Cerrillos,13102.0,88956.0,0.0,4.0,4.0,5.0,11.0,21.0,29.0,39.0,48.0,53.0,66.0,80.0,129.0,241.0,308.0,329.0,432.0,485.0,639.0,758.0,876.0,994.0,1123.0,1231.0,1410.0,1545.0,1736.8
Metropolitana,13.0,Cerro Navia,13103.0,142465.0,19.0,21.0,26.0,31.0,36.0,42.0,57.0,65.0,79.0,99.0,118.0,135.0,179.0,227.0,284.0,387.0,476.0,541.0,851.0,993.0,1230.0,1596.0,1892.0,2149.0,2576.0,3075.0,2158.4
Metropolitana,13.0,Colina,13301.0,180353.0,32.0,39.0,47.0,50.0,62.0,66.0,74.0,77.0,81.0,90.0,95.0,103.0,129.0,152.0,230.0,289.0,429.0,490.0,781.0,999.0,1259.0,1451.0,1742.0,1986.0,2267.0,2521.0,1397.8
Metropolitana,13.0,Conchali,13104.0,139195.0,14.0,18.0,22.0,32.0,38.0,47.0,52.0,56.0,64.0,80.0,98.0,113.0,187.0,295.0,406.0,470.0,626.0,708.0,1063.0,1370.0,1773.0,2010.0,2330.0,2542.0,2855.0,3244.0,2330.5
Metropolitana,13.0,Curacavi,13503.0,36430.0,5.0,5.0,5.0,8.0,9.0,10.0,13.0,14.0,14.0,14.0,15.0,15.0,19.0,23.0,25.0,35.0,65.0,83.0,116.0,149.0,203.0,272.0,335.0,402.0,444.0,477.0,1309.4
Metropolitana,13.0,El Bosque,13105.0,172000.0,18.0,28.0,35.0,37.0,46.0,64.0,83.0,93.0,107.0,127.0,145.0,177.0,236.0,275.0,377.0,439.0,612.0,728.0,1026.0,1164.0,1448.0,1654.0,2027.0,2418.0,2784.0,3176.0,1846.5
Metropolitana,13.0,El Monte,13602.0,40014.0,0.0,0.0,0.0,5.0,7.0,9.0,10.0,10.0,12.0,12.0,13.0,16.0,21.0,21.0,24.0,29.0,31.0,52.0,80.0,91.0,117.0,152.0,215.0,252.0,317.0,412.0,1029.6
Metropolitana,13.0,Estacion Central,13106.0,206792.0,16.0,22.0,25.0,36.0,41.0,61.0,71.0,89.0,101.0,120.0,162.0,207.0,341.0,447.0,578.0,679.0,954.0,1100.0,1466.0,1700.0,1986.0,2305.0,2617.0,2943.0,3333.0,3650.0,1765.1
Metropolitana,13.0,Huechuraba,13107.0,112528.0,17.0,19.0,22.0,32.0,35.0,38.0,48.0,53.0,59.0,66.0,77.0,82.0,113.0,150.0,220.0,263.0,375.0,413.0,669.0,840.0,1005.0,1285.0,1452.0,1580.0,1827.0,1983.0,1762.2
Metropolitana,13.0,Independencia,13108.0,142065.0,15.0,17.0,22.0,26.0,31.0,37.0,52.0,60.0,80.0,115.0,196.0,246.0,431.0,594.0,836.0,992.0,1199.0,1330.0,1699.0,1984.0,2566.0,2923.0,3359.0,3630.0,4056.0,4300.0,3026.8
Metropolitana,13.0,Isla de Maipo,13603.0,40171.0,0.0,0.0,0.0,4.0,7.0,10.0,10.0,11.0,11.0,11.0,11.0,13.0,14.0,15.0,17.0,20.0,23.0,27.0,41.0,46.0,65.0,88.0,108.0,133.0,174.0,225.0,560.1
Metropolitana,13.0,La Cisterna,13109.0,100434.0,10.0,12.0,12.0,20.0,26.0,34.0,39.0,45.0,47.0,61.0,73.0,84.0,122.0,143.0,205.0,251.0,348.0,427.0,646.0,719.0,845.0,1012.0,1185.0,1391.0,1671.0,1797.0,1789.2
Metropolitana,13.0,La Florida,13110.0,402433.0,43.0,58.0,67.0,91.0,103.0,126.0,165.0,176.0,211.0,231.0,282.0,328.0,428.0,578.0,824.0,1071.0,1538.0,1887.0,2514.0,3256.0,3927.0,4550.0,5237.0,6031.0,6879.0,7633.0,1896.7
Metropolitana,13.0,La Granja,13111.0,122557.0,5.0,8.0,16.0,24.0,26.0,36.0,46.0,51.0,60.0,69.0,80.0,95.0,138.0,193.0,276.0,348.0,635.0,800.0,1260.0,1769.0,2206.0,2622.0,2820.0,3294.0,3651.0,3968.0,3237.7
Metropolitana,13.0,La Pintana,13112.0,189335.0,0.0,10.0,13.0,18.0,25.0,39.0,55.0,70.0,88.0,107.0,128.0,195.0,269.0,345.0,483.0,561.0,840.0,1067.0,1432.0,1804.0,2379.0,2861.0,3339.0,3955.0,4674.0,5192.0,2742.2
Metropolitana,13.0,La Reina,13113.0,100252.0,24.0,26.0,30.0,35.0,44.0,52.0,54.0,56.0,59.0,62.0,65.0,84.0,108.0,136.0,173.0,195.0,247.0,294.0,384.0,485.0,644.0,735.0,864.0,953.0,1110.0,1225.0,1221.9
Metropolitana,13.0,Lampa,13302.0,126898.0,10.0,10.0,13.0,14.0,18.0,26.0,37.0,41.0,45.0,48.0,58.0,68.0,96.0,117.0,172.0,197.0,278.0,306.0,463.0,660.0,864.0,989.0,1108.0,1257.0,1437.0,1608.0,1267.2
Metropolitana,13.0,Las Condes,13114.0,330759.0,181.0,208.0,224.0,258.0,266.0,281.0,296.0,306.0,320.0,326.0,346.0,355.0,409.0,477.0,626.0,738.0,961.0,1084.0,1439.0,1765.0,2141.0,2436.0,2747.0,3034.0,3370.0,3623.0,1095.4
Metropolitana,13.0,Lo Barnechea,13115.0,124076.0,68.0,78.0,85.0,97.0,105.0,110.0,116.0,125.0,144.0,157.0,170.0,194.0,238.0,273.0,381.0,422.0,520.0,576.0,742.0,892.0,1060.0,1179.0,1366.0,1475.0,1657.0,1759.0,1417.7
Metropolitana,13.0,Lo Espejo,13116.0,103865.0,4.0,7.0,9.0,15.0,23.0,34.0,48.0,56.0,60.0,67.0,80.0,100.0,130.0,162.0,222.0,258.0,423.0,525.0,788.0,895.0,1061.0,1295.0,1491.0,1743.0,2103.0,2252.0,2168.2
Metropolitana,13.0,Lo Prado,13117.0,104403.0,14.0,18.0,20.0,25.0,32.0,35.0,43.0,47.0,62.0,75.0,88.0,111.0,170.0,210.0,258.0,329.0,390.0,435.0,617.0,721.0,900.0,1129.0,1347.0,1566.0,1810.0,2208.0,2114.9
Metropolitana,13.0,Macul,13118.0,134635.0,10.0,15.0,23.0,34.0,37.0,43.0,49.0,51.0,57.0,64.0,89.0,110.0,136.0,181.0,272.0,336.0,524.0,671.0,949.0,1157.0,1412.0,1684.0,1909.0,2149.0,2473.0,2708.0,2011.4
Metropolitana,13.0,Maipu,13119.0,578605.0,43.0,55.0,64.0,83.0,106.0,167.0,203.0,241.0,284.0,312.0,364.0,399.0,480.0,580.0,718.0,844.0,1212.0,1347.0,2000.0,2537.0,3193.0,3765.0,4499.0,5273.0,6272.0,7041.0,1216.9
Metropolitana,13.0,Maria Pinto,13504.0,14926.0,0.0,0.0,0.0,0.0,0.0,0.0,0.0,0.0,1.0,1.0,1.0,1.0,3.0,3.0,3.0,3.0,3.0,5.0,12.0,16.0,28.0,50.0,69.0,83.0,97.0,114.0,763.8
Metropolitana,13.0,Melipilla,13501.0,141612.0,6.0,8.0,9.0,11.0,12.0,16.0,17.0,19.0,25.0,35.0,40.0,48.0,74.0,110.0,119.0,136.0,168.0,197.0,310.0,412.0,533.0,693.0,887.0,1060.0,1286.0,1528.0,1079.0
Metropolitana,13.0,Nunoa,13120.0,250192.0,67.0,84.0,93.0,107.0,118.0,155.0,171.0,188.0,217.0,240.0,269.0,291.0,329.0,365.0,435.0,480.0,692.0,792.0,1091.0,1315.0,1662.0,1940.0,2250.0,2533.0,2955.0,3184.0,1272.6
Metropolitana,13.0,Padre Hurtado,13604.0,74188.0,10.0,11.0,14.0,16.0,18.0,20.0,26.0,27.0,28.0,32.0,35.0,40.0,55.0,66.0,79.0,96.0,125.0,135.0,202.0,243.0,300.0,378.0,484.0,548.0,692.0,838.0,1129.6
Metropolitana,13.0,Paine,13404.0,82766.0,0.0,0.0,0.0,0.0,0.0,7.0,8.0,9.0,10.0,11.0,13.0,15.0,21.0,26.0,47.0,56.0,108.0,126.0,177.0,198.0,249.0,273.0,347.0,390.0,515.0,564.0,681.4
Metropolitana,13.0,Pedro Aguirre Cerda,13121.0,107803.0,7.0,13.0,13.0,16.0,19.0,36.0,54.0,70.0,78.0,89.0,109.0,129.0,180.0,229.0,294.0,349.0,525.0,657.0,890.0,994.0,1149.0,1314.0,1441.0,1684.0,1962.0,2171.0,2013.9
Metropolitana,13.0,Penaflor,13605.0,101058.0,10.0,13.0,13.0,18.0,18.0,20.0,25.0,26.0,29.0,35.0,44.0,51.0,67.0,76.0,87.0,102.0,130.0,155.0,222.0,274.0,363.0,446.0,574.0,674.0,831.0,1006.0,995.5
Metropolitana,13.0,Penalolen,13122.0,266798.0,31.0,46.0,54.0,65.0,78.0,98.0,131.0,137.0,162.0,187.0,209.0,254.0,322.0,404.0,570.0,779.0,1157.0,1469.0,2160.0,2878.0,3505.0,4207.0,4899.0,5552.0,6360.0,6811.0,2552.9
Metropolitana,13.0,Pirque,13202.0,30433.0,0.0,0.0,0.0,4.0,4.0,9.0,10.0,12.0,13.0,14.0,16.0,19.0,30.0,43.0,51.0,58.0,92.0,107.0,136.0,169.0,231.0,289.0,324.0,388.0,418.0,453.0,1488.5
Metropolitana,13.0,Providencia,13123.0,157749.0,82.0,87.0,94.0,104.0,115.0,129.0,136.0,147.0,164.0,180.0,196.0,200.0,226.0,250.0,309.0,372.0,472.0,520.0,706.0,846.0,1071.0,1201.0,1403.0,1542.0,1737.0,1821.0,1154.4
Metropolitana,13.0,Pudahuel,13124.0,253139.0,17.0,25.0,32.0,44.0,52.0,67.0,78.0,88.0,103.0,118.0,137.0,167.0,233.0,288.0,372.0,491.0,622.0,744.0,1095.0,1376.0,1728.0,2288.0,2831.0,3201.0,3906.0,4840.0,1912.0
Metropolitana,13.0,Puente Alto,13201.0,645909.0,45.0,58.0,76.0,119.0,166.0,239.0,322.0,374.0,472.0,562.0,688.0,764.0,889.0,1129.0,1404.0,1658.0,2165.0,2780.0,3658.0,4495.0,5770.0,6698.0,7939.0,9143.0,10804.0,12212.0,1890.7
Metropolitana,13.0,Quilicura,13125.0,254694.0,17.0,29.0,33.0,51.0,57.0,79.0,94.0,101.0,112.0,129.0,164.0,236.0,423.0,546.0,758.0,826.0,1080.0,1193.0,1593.0,1968.0,2644.0,3091.0,3546.0,3887.0,4591.0,5053.0,1983.9
Metropolitana,13.0,Quinta Normal,13126.0,136368.0,21.0,25.0,35.0,41.0,57.0,69.0,84.0,105.0,125.0,149.0,172.0,194.0,262.0,306.0,377.0,459.0,560.0,627.0,879.0,1036.0,1255.0,1548.0,1897.0,2088.0,2511.0,2989.0,2191.9
Metropolitana,13.0,Recoleta,13127.0,190075.0,17.0,23.0,32.0,44.0,52.0,61.0,73.0,81.0,107.0,126.0,174.0,226.0,398.0,602.0,889.0,1028.0,1330.0,1516.0,2135.0,2560.0,3287.0,3623.0,4040.0,4358.0,4716.0,5124.0,2695.8
Metropolitana,13.0,Renca,13128.0,160847.0,9.0,14.0,18.0,19.0,22.0,28.0,42.0,50.0,70.0,82.0,107.0,131.0,185.0,255.0,342.0,418.0,510.0,605.0,967.0,1129.0,1374.0,1675.0,2180.0,2504.0,2884.0,3567.0,2217.6
Metropolitana,13.0,San Bernardo,13401.0,334836.0,32.0,41.0,53.0,74.0,79.0,117.0,140.0,156.0,198.0,237.0,318.0,372.0,435.0,544.0,683.0,773.0,1018.0,1247.0,1807.0,2116.0,2539.0,2877.0,3408.0,3845.0,4688.0,5280.0,1576.9
Metropolitana,13.0,San Joaquin,13129.0,103485.0,13.0,24.0,28.0,36.0,42.0,52.0,58.0,68.0,84.0,101.0,118.0,149.0,183.0,267.0,395.0,475.0,727.0,904.0,1325.0,1427.0,1603.0,1874.0,2068.0,2255.0,2534.0,2712.0,2620.7
Metropolitana,13.0,San Jose de Maipo,13203.0,18644.0,0.0,0.0,0.0,0.0,0.0,4.0,4.0,4.0,4.0,4.0,7.0,8.0,12.0,23.0,35.0,42.0,61.0,73.0,102.0,137.0,186.0,222.0,232.0,277.0,319.0,342.0,1834.4
Metropolitana,13.0,San Miguel,13130.0,133059.0,25.0,32.0,39.0,49.0,56.0,69.0,86.0,97.0,111.0,131.0,152.0,173.0,213.0,255.0,350.0,405.0,563.0,665.0,1015.0,1205.0,1444.0,1687.0,1988.0,2286.0,2597.0,2796.0,2101.3
Metropolitana,13.0,San Pedro,13505.0,11953.0,0.0,0.0,0.0,0.0,0.0,0.0,0.0,0.0,0.0,1.0,2.0,2.0,8.0,10.0,12.0,15.0,17.0,18.0,25.0,26.0,33.0,37.0,44.0,49.0,58.0,77.0,644.2
Metropolitana,13.0,San Ramon,13131.0,86510.0,0.0,6.0,9.0,9.0,12.0,18.0,20.0,27.0,32.0,42.0,66.0,90.0,144.0,220.0,327.0,381.0,638.0,719.0,1069.0,1329.0,1543.0,1698.0,1841.0,2107.0,2332.0,2549.0,2946.5
Metropolitana,13.0,Santiago,13101.0,503147.0,127.0,156.0,173.0,234.0,271.0,321.0,375.0,404.0,463.0,500.0,608.0,700.0,980.0,1294.0,1666.0,1873.0,2627.0,2961.0,3935.0,4618.0,5617.0,6278.0,7089.0,7786.0,8818.0,9412.0,1870.6
Metropolitana,13.0,Talagante,13601.0,81838.0,0.0,5.0,6.0,11.0,14.0,18.0,21.0,24.0,26.0,27.0,30.0,33.0,37.0,42.0,48.0,68.0,88.0,105.0,155.0,183.0,224.0,276.0,343.0,432.0,518.0,602.0,735.6
Metropolitana,13.0,Tiltil,13303.0,21477.0,0.0,0.0,0.0,0.0,4.0,4.0,4.0,4.0,4.0,5.0,5.0,5.0,9.0,12.0,12.0,13.0,21.0,24.0,40.0,69.0,112.0,121.0,134.0,140.0,185.0,226.0,1052.3
Metropolitana,13.0,Vitacura,13132.0,96774.0,83.0,90.0,100.0,114.0,114.0,119.0,127.0,128.0,130.0,132.0,133.0,138.0,152.0,164.0,211.0,251.0,325.0,370.0,485.0,569.0,646.0,712.0,780.0,859.0,936.0,992.0,1025.1
Metropolitana,13.0,Total,,8125072.0,1197.0,1521.0,1742.0,2244.0,2548.0,3193.0,3803.0,4334.0,4915.0,5597.0,6700.0,7821.0,10491.0,13473.0,17925.0,21264.0,29207.0,34380.0,48266.0,58843.0,72815.0,85123.0,98958.0,112029.0,129580.0,144151.0,1774.2
,,,,,,,,,,,,,,,,,,,,,,,,,,,,,,,
Del Libertador General Bernardo O’Higgins,6.0,Chepica,6302.0,15925.0,0.0,0.0,0.0,0.0,0.0,0.0,0.0,0.0,0.0,0.0,0.0,0.0,0.0,0.0,0.0,0.0,1.0,3.0,6.0,6.0,6.0,8.0,6.0,8.0,9.0,21.0,131.9
Del Libertador General Bernardo O’Higgins,6.0,Chimbarongo,6303.0,37696.0,0.0,0.0,0.0,0.0,0.0,0.0,2.0,4.0,4.0,2.0,2.0,2.0,2.0,2.0,2.0,2.0,5.0,5.0,6.0,11.0,16.0,19.0,23.0,32.0,42.0,46.0,122.0
Del Libertador General Bernardo O’Higgins,6.0,Codegua,6102.0,14096.0,0.0,0.0,0.0,0.0,0.0,0.0,0.0,0.0,0.0,1.0,1.0,1.0,2.0,2.0,2.0,3.0,3.0,4.0,6.0,6.0,8.0,9.0,11.0,14.0,18.0,25.0,177.4
Del Libertador General Bernardo O’Higgins,6.0,Coinco,6103.0,7831.0,0.0,0.0,0.0,0.0,0.0,0.0,0.0,0.0,0.0,0.0,1.0,1.0,1.0,1.0,2.0,2.0,4.0,5.0,8.0,9.0,14.0,14.0,17.0,19.0,23.0,26.0,332.0
Del Libertador General Bernardo O’Higgins,6.0,Coltauco,6104.0,21263.0,0.0,0.0,0.0,0.0,0.0,0.0,0.0,0.0,0.0,0.0,0.0,0.0,0.0,0.0,1.0,3.0,9.0,16.0,16.0,17.0,22.0,25.0,28.0,30.0,33.0,39.0,183.4
Del Libertador General Bernardo O’Higgins,6.0,Donihue,6105.0,22700.0,0.0,0.0,0.0,0.0,0.0,0.0,0.0,0.0,0.0,0.0,1.0,1.0,2.0,2.0,4.0,6.0,10.0,14.0,20.0,23.0,31.0,32.0,35.0,45.0,50.0,56.0,246.7
Del Libertador General Bernardo O’Higgins,6.0,Graneros,6106.0,36504.0,0.0,0.0,0.0,0.0,0.0,0.0,0.0,0.0,0.0,0.0,2.0,2.0,2.0,2.0,10.0,17.0,23.0,27.0,32.0,36.0,45.0,45.0,47.0,61.0,72.0,96.0,263.0
Del Libertador General Bernardo O’Higgins,6.0,La Estrella,6202.0,3114.0,0.0,0.0,0.0,0.0,0.0,0.0,0.0,0.0,0.0,0.0,0.0,0.0,0.0,0.0,0.0,0.0,0.0,0.0,0.0,0.0,0.0,0.0,1.0,1.0,3.0,7.0,224.8
Del Libertador General Bernardo O’Higgins,6.0,Las Cabras,6107.0,26749.0,0.0,0.0,0.0,0.0,0.0,0.0,0.0,1.0,1.0,1.0,3.0,3.0,4.0,10.0,10.0,10.0,12.0,12.0,13.0,13.0,15.0,15.0,20.0,23.0,23.0,26.0,97.2
Del Libertador General Bernardo O’Higgins,6.0,Litueche,6203.0,6765.0,0.0,0.0,0.0,0.0,0.0,0.0,0.0,0.0,0.0,0.0,1.0,3.0,7.0,8.0,8.0,8.0,9.0,9.0,11.0,11.0,11.0,11.0,13.0,14.0,18.0,21.0,310.4
Del Libertador General Bernardo O’Higgins,6.0,Lolol,6304.0,7289.0,0.0,0.0,0.0,0.0,0.0,0.0,0.0,0.0,0.0,0.0,0.0,0.0,0.0,0.0,0.0,0.0,0.0,1.0,3.0,3.0,3.0,3.0,10.0,11.0,12.0,15.0,205.8
Del Libertador General Bernardo O’Higgins,6.0,Machali,6108.0,59913.0,0.0,6.0,7.0,8.0,8.0,8.0,8.0,8.0,9.0,10.0,16.0,16.0,16.0,16.0,19.0,20.0,24.0,26.0,29.0,37.0,44.0,49.0,66.0,88.0,100.0,119.0,198.6
Del Libertador General Bernardo O’Higgins,6.0,Malloa,6109.0,14163.0,0.0,0.0,0.0,0.0,0.0,0.0,0.0,0.0,0.0,0.0,0.0,0.0,0.0,0.0,0.0,0.0,1.0,2.0,2.0,3.0,4.0,4.0,4.0,4.0,8.0,9.0,63.5
Del Libertador General Bernardo O’Higgins,6.0,Marchihue,6204.0,7632.0,0.0,0.0,0.0,0.0,0.0,0.0,0.0,0.0,0.0,0.0,0.0,0.0,0.0,0.0,0.0,0.0,0.0,0.0,0.0,0.0,0.0,0.0,1.0,4.0,4.0,7.0,91.7
Del Libertador General Bernardo O’Higgins,6.0,Mostazal,6110.0,27462.0,0.0,0.0,0.0,0.0,0.0,0.0,0.0,0.0,0.0,0.0,0.0,0.0,0.0,1.0,1.0,3.0,4.0,7.0,7.0,9.0,13.0,16.0,20.0,30.0,34.0,48.0,174.8
Del Libertador General Bernardo O’Higgins,6.0,Nancagua,6305.0,19141.0,0.0,0.0,0.0,0.0,0.0,0.0,0.0,0.0,0.0,0.0,0.0,0.0,1.0,1.0,1.0,2.0,3.0,4.0,5.0,8.0,12.0,13.0,16.0,18.0,27.0,43.0,224.6
Del Libertador General Bernardo O’Higgins,6.0,Navidad,6205.0,6904.0,0.0,0.0,0.0,0.0,0.0,0.0,0.0,0.0,0.0,0.0,0.0,0.0,2.0,2.0,2.0,4.0,8.0,8.0,10.0,10.0,10.0,11.0,13.0,18.0,20.0,27.0,391.1
Del Libertador General Bernardo O’Higgins,6.0,Olivar,6111.0,14624.0,0.0,0.0,0.0,0.0,0.0,0.0,6.0,7.0,7.0,6.0,6.0,6.0,6.0,6.0,6.0,7.0,13.0,14.0,16.0,18.0,19.0,20.0,25.0,27.0,30.0,36.0,246.2
Del Libertador General Bernardo O’Higgins,6.0,Palmilla,6306.0,13299.0,0.0,0.0,0.0,0.0,0.0,0.0,0.0,0.0,0.0,0.0,0.0,0.0,0.0,0.0,0.0,0.0,0.0,0.0,0.0,3.0,3.0,3.0,4.0,4.0,6.0,10.0,75.2
Del Libertador General Bernardo O’Higgins,6.0,Paredones,6206.0,6349.0,0.0,0.0,0.0,0.0,0.0,0.0,0.0,0.0,0.0,0.0,0.0,0.0,0.0,0.0,0.0,0.0,0.0,2.0,2.0,2.0,2.0,2.0,2.0,3.0,4.0,6.0,94.5
Del Libertador General Bernardo O’Higgins,6.0,Peralillo,6307.0,11848.0,0.0,0.0,0.0,0.0,0.0,0.0,0.0,0.0,0.0,0.0,0.0,0.0,0.0,0.0,0.0,0.0,0.0,0.0,2.0,2.0,2.0,3.0,6.0,9.0,21.0,29.0,244.8
Del Libertador General Bernardo O’Higgins,6.0,Peumo,6112.0,14952.0,0.0,0.0,0.0,0.0,0.0,0.0,1.0,1.0,1.0,1.0,1.0,1.0,2.0,2.0,3.0,3.0,4.0,4.0,5.0,6.0,7.0,7.0,7.0,8.0,9.0,12.0,80.3
Del Libertador General Bernardo O’Higgins,6.0,Pichidegua,6113.0,20743.0,0.0,0.0,0.0,0.0,0.0,0.0,0.0,0.0,0.0,0.0,0.0,0.0,0.0,0.0,1.0,1.0,2.0,5.0,6.0,8.0,9.0,11.0,12.0,12.0,15.0,15.0,72.3
Del Libertador General Bernardo O’Higgins,6.0,Pichilemu,6201.0,17882.0,0.0,0.0,0.0,0.0,0.0,0.0,0.0,0.0,0.0,0.0,0.0,0.0,0.0,0.0,0.0,1.0,1.0,4.0,5.0,8.0,8.0,9.0,11.0,14.0,15.0,16.0,89.5
Del Libertador General Bernardo O’Higgins,6.0,Placilla,6308.0,9164.0,0.0,0.0,0.0,0.0,0.0,0.0,1.0,2.0,2.0,1.0,1.0,1.0,1.0,1.0,1.0,1.0,2.0,4.0,4.0,6.0,6.0,7.0,8.0,13.0,16.0,20.0,218.2
Del Libertador General Bernardo O’Higgins,6.0,Pumanque,6309.0,3531.0,0.0,0.0,0.0,0.0,0.0,0.0,0.0,0.0,0.0,0.0,0.0,0.0,0.0,0.0,0.0,0.0,0.0,0.0,0.0,0.0,0.0,1.0,1.0,1.0,1.0,2.0,56.6
Del Libertador General Bernardo O’Higgins,6.0,Quinta de Tilcoco,6114.0,13877.0,0.0,0.0,0.0,0.0,0.0,0.0,3.0,3.0,3.0,1.0,1.0,1.0,1.0,1.0,1.0,1.0,1.0,2.0,2.0,2.0,2.0,2.0,4.0,4.0,5.0,7.0,50.4
Del Libertador General Bernardo O’Higgins,6.0,Rancagua,6101.0,265211.0,7.0,7.0,9.0,15.0,15.0,15.0,15.0,15.0,15.0,22.0,28.0,32.0,38.0,45.0,61.0,82.0,128.0,170.0,195.0,243.0,326.0,354.0,442.0,547.0,742.0,904.0,340.9
Del Libertador General Bernardo O’Higgins,6.0,Rengo,6115.0,63710.0,0.0,0.0,0.0,0.0,0.0,0.0,1.0,1.0,1.0,2.0,3.0,7.0,8.0,10.0,9.0,11.0,14.0,21.0,22.0,27.0,35.0,38.0,47.0,51.0,82.0,98.0,153.8
Del Libertador General Bernardo O’Higgins,6.0,Requinoa,6116.0,30371.0,0.0,0.0,0.0,0.0,0.0,0.0,1.0,1.0,1.0,2.0,3.0,4.0,4.0,4.0,5.0,5.0,8.0,9.0,10.0,10.0,19.0,20.0,31.0,36.0,43.0,51.0,167.9
Del Libertador General Bernardo O’Higgins,6.0,San Fernando,6301.0,78642.0,0.0,4.0,4.0,4.0,4.0,4.0,4.0,5.0,5.0,6.0,5.0,5.0,5.0,6.0,6.0,6.0,10.0,14.0,14.0,17.0,25.0,34.0,46.0,57.0,71.0,80.0,101.7
Del Libertador General Bernardo O’Higgins,6.0,San Vicente,6117.0,50617.0,0.0,0.0,4.0,4.0,4.0,4.0,4.0,4.0,4.0,4.0,4.0,4.0,8.0,9.0,11.0,14.0,20.0,25.0,35.0,40.0,43.0,45.0,51.0,52.0,67.0,81.0,160.0
Del Libertador General Bernardo O’Higgins,6.0,Santa Cruz,6310.0,41096.0,0.0,0.0,0.0,0.0,0.0,0.0,2.0,2.0,2.0,1.0,2.0,2.0,2.0,2.0,2.0,3.0,5.0,6.0,11.0,12.0,13.0,15.0,19.0,22.0,35.0,46.0,111.9
Del Libertador General Bernardo O’Higgins,6.0,Total,,991063.0,16.0,26.0,33.0,42.0,43.0,44.0,48.0,54.0,55.0,60.0,81.0,92.0,114.0,133.0,168.0,215.0,324.0,423.0,503.0,606.0,773.0,845.0,1047.0,1280.0,1658.0,2044.0,206.2
,,,,,,,,,,,,,,,,,,,,,,,,,,,,,,,
Maule,7.0,Cauquenes,7201.0,44143.0,0.0,0.0,0.0,4.0,4.0,4.0,4.0,4.0,8.0,10.0,12.0,13.0,13.0,13.0,13.0,14.0,20.0,23.0,26.0,32.0,44.0,63.0,91.0,143.0,141.0,164.0,371.5
Maule,7.0,Chanco,7202.0,9331.0,0.0,0.0,0.0,0.0,0.0,0.0,0.0,0.0,0.0,2.0,2.0,3.0,3.0,3.0,3.0,3.0,3.0,3.0,3.0,3.0,3.0,4.0,4.0,6.0,11.0,13.0,139.3
Maule,7.0,Colbun,7402.0,22565.0,0.0,4.0,4.0,5.0,5.0,5.0,5.0,5.0,6.0,5.0,6.0,6.0,6.0,6.0,6.0,9.0,10.0,13.0,19.0,20.0,32.0,33.0,42.0,46.0,53.0,60.0,265.9
Maule,7.0,Constitucion,7102.0,50348.0,0.0,0.0,0.0,0.0,5.0,5.0,5.0,4.0,11.0,11.0,18.0,19.0,21.0,23.0,23.0,23.0,26.0,27.0,28.0,31.0,33.0,35.0,39.0,42.0,50.0,62.0,123.1
Maule,7.0,Curepto,7103.0,9426.0,0.0,0.0,0.0,0.0,0.0,0.0,3.0,3.0,3.0,7.0,8.0,8.0,8.0,8.0,8.0,9.0,9.0,10.0,12.0,14.0,12.0,13.0,13.0,13.0,13.0,14.0,148.5
Maule,7.0,Curico,7301.0,163626.0,6.0,8.0,11.0,13.0,13.0,17.0,20.0,23.0,24.0,31.0,31.0,37.0,45.0,45.0,51.0,56.0,63.0,83.0,116.0,163.0,231.0,279.0,429.0,534.0,677.0,780.0,476.7
Maule,7.0,Empedrado,7104.0,4206.0,0.0,0.0,0.0,0.0,0.0,0.0,0.0,0.0,0.0,0.0,0.0,0.0,0.0,0.0,0.0,0.0,0.0,0.0,0.0,0.0,0.0,0.0,0.0,1.0,1.0,3.0,71.3
Maule,7.0,Hualane,7302.0,10222.0,0.0,0.0,0.0,0.0,0.0,0.0,0.0,0.0,0.0,0.0,0.0,0.0,0.0,0.0,0.0,0.0,0.0,0.0,1.0,7.0,18.0,21.0,46.0,63.0,76.0,81.0,792.4
Maule,7.0,Licanten,7303.0,6989.0,0.0,0.0,0.0,0.0,0.0,0.0,0.0,0.0,1.0,2.0,2.0,2.0,2.0,2.0,2.0,2.0,2.0,2.0,2.0,2.0,2.0,2.0,2.0,2.0,8.0,8.0,114.5
Maule,7.0,Linares,7401.0,101073.0,4.0,6.0,10.0,11.0,12.0,13.0,13.0,13.0,15.0,22.0,22.0,24.0,27.0,27.0,31.0,34.0,46.0,49.0,60.0,65.0,75.0,84.0,103.0,107.0,129.0,162.0,160.3
Maule,7.0,Longavi,7403.0,32810.0,0.0,0.0,0.0,0.0,0.0,0.0,2.0,2.0,3.0,3.0,4.0,4.0,4.0,4.0,6.0,7.0,10.0,13.0,19.0,20.0,27.0,31.0,44.0,49.0,68.0,94.0,286.5
Maule,7.0,Maule,7105.0,60000.0,0.0,0.0,0.0,0.0,0.0,0.0,4.0,5.0,10.0,13.0,22.0,22.0,23.0,23.0,24.0,24.0,28.0,29.0,36.0,45.0,50.0,52.0,78.0,90.0,105.0,111.0,185.0
Maule,7.0,Molina,7304.0,49800.0,0.0,0.0,0.0,0.0,0.0,0.0,3.0,3.0,4.0,5.0,7.0,7.0,7.0,7.0,8.0,9.0,8.0,8.0,10.0,13.0,20.0,23.0,33.0,46.0,55.0,62.0,124.5
Maule,7.0,Parral,7404.0,44544.0,4.0,0.0,0.0,0.0,4.0,5.0,6.0,6.0,6.0,6.0,9.0,9.0,9.0,9.0,9.0,9.0,11.0,13.0,21.0,34.0,56.0,72.0,96.0,106.0,130.0,143.0,321.0
Maule,7.0,Pelarco,7106.0,9083.0,0.0,0.0,0.0,0.0,0.0,0.0,3.0,3.0,5.0,5.0,5.0,5.0,5.0,5.0,6.0,8.0,13.0,13.0,17.0,19.0,19.0,21.0,23.0,26.0,33.0,33.0,363.3
Maule,7.0,Pelluhue,7203.0,8092.0,0.0,0.0,0.0,0.0,0.0,0.0,1.0,1.0,1.0,1.0,2.0,2.0,2.0,2.0,2.0,2.0,5.0,7.0,10.0,10.0,10.0,10.0,12.0,12.0,30.0,32.0,395.5
Maule,7.0,Pencahue,7107.0,8601.0,0.0,0.0,0.0,0.0,0.0,0.0,0.0,0.0,1.0,2.0,3.0,3.0,3.0,3.0,3.0,3.0,3.0,3.0,3.0,5.0,12.0,12.0,14.0,14.0,17.0,18.0,209.3
Maule,7.0,Rauco,7305.0,11248.0,0.0,0.0,0.0,0.0,0.0,0.0,2.0,2.0,2.0,2.0,2.0,2.0,2.0,2.0,2.0,2.0,2.0,3.0,4.0,6.0,10.0,12.0,17.0,17.0,20.0,28.0,248.9
Maule,7.0,Retiro,7405.0,21071.0,0.0,0.0,0.0,0.0,0.0,0.0,1.0,1.0,2.0,2.0,1.0,1.0,1.0,1.0,2.0,2.0,2.0,2.0,3.0,6.0,13.0,19.0,49.0,59.0,68.0,78.0,370.2
Maule,7.0,Rio Claro,7108.0,14753.0,0.0,0.0,0.0,0.0,0.0,0.0,3.0,3.0,6.0,6.0,7.0,7.0,8.0,9.0,9.0,9.0,11.0,11.0,13.0,14.0,14.0,16.0,19.0,22.0,25.0,26.0,176.2
Maule,7.0,Romeral,7306.0,16170.0,0.0,0.0,0.0,0.0,0.0,0.0,3.0,4.0,5.0,12.0,13.0,13.0,13.0,13.0,13.0,13.0,13.0,13.0,13.0,15.0,18.0,32.0,44.0,53.0,70.0,76.0,470.0
Maule,7.0,Sagrada Familia,7307.0,19469.0,0.0,0.0,0.0,0.0,0.0,0.0,1.0,1.0,1.0,1.0,2.0,2.0,2.0,2.0,2.0,2.0,2.0,2.0,3.0,3.0,6.0,6.0,10.0,14.0,23.0,32.0,164.4
Maule,7.0,San Clemente,7109.0,46292.0,0.0,0.0,0.0,0.0,0.0,0.0,0.0,0.0,4.0,7.0,9.0,9.0,10.0,10.0,14.0,19.0,23.0,25.0,36.0,44.0,55.0,60.0,78.0,88.0,111.0,129.0,278.7
Maule,7.0,San Javier,7406.0,49451.0,0.0,0.0,0.0,7.0,7.0,8.0,8.0,9.0,11.0,16.0,20.0,20.0,23.0,23.0,25.0,27.0,34.0,34.0,41.0,45.0,49.0,54.0,66.0,82.0,104.0,120.0,242.7
Maule,7.0,San Rafael,7110.0,9959.0,0.0,0.0,0.0,0.0,0.0,0.0,2.0,2.0,2.0,2.0,3.0,3.0,3.0,3.0,4.0,4.0,6.0,12.0,29.0,41.0,45.0,48.0,55.0,59.0,65.0,71.0,712.9
Maule,7.0,Talca,7101.0,236724.0,34.0,37.0,42.0,48.0,51.0,51.0,51.0,57.0,91.0,133.0,145.0,149.0,160.0,162.0,163.0,166.0,191.0,203.0,247.0,283.0,311.0,329.0,392.0,433.0,530.0,607.0,256.4
Maule,7.0,Teno,7308.0,30850.0,0.0,0.0,0.0,0.0,0.0,0.0,1.0,1.0,1.0,2.0,2.0,2.0,4.0,4.0,5.0,7.0,8.0,8.0,9.0,11.0,12.0,12.0,15.0,22.0,31.0,34.0,110.2
Maule,7.0,Vichuquen,7309.0,4381.0,0.0,0.0,0.0,0.0,0.0,0.0,0.0,0.0,0.0,0.0,0.0,0.0,0.0,0.0,0.0,0.0,0.0,0.0,0.0,0.0,0.0,0.0,0.0,0.0,0.0,0.0,0.0
Maule,7.0,Villa Alegre,7407.0,17512.0,0.0,0.0,0.0,0.0,0.0,0.0,0.0,0.0,0.0,1.0,1.0,2.0,2.0,2.0,2.0,2.0,3.0,3.0,4.0,5.0,6.0,6.0,12.0,17.0,23.0,30.0,171.3
Maule,7.0,Yerbas Buenas,7408.0,19200.0,0.0,0.0,0.0,0.0,0.0,0.0,0.0,0.0,0.0,1.0,1.0,1.0,2.0,2.0,3.0,3.0,5.0,8.0,15.0,18.0,24.0,28.0,46.0,48.0,59.0,62.0,322.9
Maule,7.0,Total,,1131939.0,58.0,71.0,89.0,108.0,119.0,131.0,141.0,152.0,223.0,310.0,359.0,375.0,408.0,413.0,439.0,468.0,557.0,620.0,800.0,974.0,1207.0,1377.0,1872.0,2214.0,2726.0,3133.0,276.8
,,,,,,,,,,,,,,,,,,,,,,,,,,,,,,,
Nuble,16.0,Bulnes,16102.0,22607.0,12.0,18.0,32.0,36.0,45.0,48.0,48.0,48.0,48.0,54.0,59.0,60.0,62.0,72.0,77.0,80.0,108.0,132.0,138.0,160.0,169.0,178.0,189.0,197.0,201.0,205.0,906.8
Nuble,16.0,Chillan,16101.0,198624.0,114.0,173.0,240.0,291.0,327.0,342.0,355.0,373.0,387.0,395.0,411.0,405.0,414.0,415.0,418.0,429.0,444.0,493.0,505.0,550.0,582.0,601.0,648.0,700.0,767.0,807.0,406.3
Nuble,16.0,Chillan Viejo,16103.0,33827.0,13.0,22.0,26.0,30.0,34.0,40.0,44.0,45.0,45.0,49.0,52.0,55.0,55.0,55.0,55.0,57.0,61.0,67.0,72.0,91.0,97.0,100.0,107.0,115.0,126.0,130.0,384.3
Nuble,16.0,Cobquecura,16202.0,5275.0,0.0,0.0,0.0,0.0,0.0,0.0,0.0,0.0,0.0,0.0,0.0,0.0,0.0,0.0,0.0,0.0,0.0,0.0,0.0,0.0,0.0,0.0,0.0,0.0,0.0,0.0,0.0
Nuble,16.0,Coelemu,16203.0,16845.0,0.0,0.0,0.0,0.0,4.0,4.0,4.0,4.0,4.0,4.0,4.0,4.0,4.0,4.0,4.0,4.0,4.0,5.0,6.0,8.0,18.0,21.0,25.0,29.0,35.0,35.0,207.8
Nuble,16.0,Coihueco,16302.0,28375.0,0.0,0.0,0.0,6.0,7.0,8.0,11.0,11.0,14.0,21.0,24.0,25.0,40.0,42.0,42.0,42.0,45.0,50.0,50.0,52.0,53.0,53.0,53.0,54.0,61.0,62.0,218.5
Nuble,16.0,El Carmen,16104.0,12334.0,0.0,0.0,0.0,0.0,0.0,0.0,3.0,3.0,3.0,3.0,3.0,3.0,3.0,3.0,3.0,4.0,4.0,5.0,6.0,7.0,16.0,17.0,25.0,27.0,28.0,31.0,251.3
Nuble,16.0,Ninhue,16204.0,5414.0,0.0,0.0,0.0,0.0,0.0,0.0,2.0,3.0,3.0,4.0,4.0,4.0,4.0,4.0,4.0,4.0,4.0,5.0,5.0,6.0,6.0,10.0,12.0,11.0,12.0,15.0,277.1
Nuble,16.0,Niquen,16303.0,11567.0,0.0,0.0,0.0,0.0,0.0,0.0,2.0,2.0,2.0,3.0,3.0,3.0,3.0,3.0,3.0,3.0,3.0,3.0,4.0,9.0,9.0,11.0,20.0,28.0,32.0,41.0,354.5
Nuble,16.0,Pemuco,16105.0,8639.0,0.0,0.0,0.0,0.0,0.0,0.0,4.0,4.0,4.0,5.0,5.0,6.0,6.0,6.0,6.0,7.0,9.0,10.0,10.0,10.0,11.0,11.0,15.0,16.0,16.0,20.0,231.5
Nuble,16.0,Pinto,16106.0,11880.0,0.0,0.0,6.0,9.0,10.0,10.0,10.0,10.0,10.0,11.0,11.0,12.0,12.0,12.0,12.0,12.0,12.0,14.0,17.0,15.0,15.0,15.0,15.0,17.0,17.0,18.0,151.5
Nuble,16.0,Portezuelo,16205.0,4940.0,0.0,0.0,0.0,0.0,0.0,0.0,1.0,0.0,0.0,0.0,0.0,0.0,0.0,0.0,0.0,0.0,2.0,4.0,7.0,7.0,7.0,7.0,7.0,7.0,7.0,7.0,141.7
Nuble,16.0,Quillon,16107.0,18777.0,4.0,7.0,15.0,17.0,22.0,22.0,23.0,23.0,24.0,26.0,26.0,28.0,30.0,32.0,32.0,33.0,33.0,39.0,39.0,44.0,53.0,55.0,67.0,76.0,88.0,95.0,505.9
Nuble,16.0,Quirihue,16201.0,12192.0,0.0,0.0,0.0,0.0,4.0,4.0,4.0,2.0,3.0,3.0,4.0,4.0,4.0,4.0,4.0,8.0,12.0,16.0,16.0,16.0,17.0,20.0,21.0,21.0,23.0,23.0,188.6
Nuble,16.0,Ranquil,16206.0,6261.0,0.0,0.0,5.0,7.0,9.0,9.0,10.0,9.0,9.0,9.0,9.0,10.0,10.0,10.0,10.0,10.0,10.0,10.0,10.0,10.0,10.0,10.0,10.0,10.0,12.0,12.0,191.7
Nuble,16.0,San Carlos,16301.0,56252.0,8.0,13.0,13.0,19.0,28.0,29.0,31.0,31.0,31.0,32.0,34.0,34.0,35.0,36.0,37.0,42.0,46.0,48.0,52.0,55.0,67.0,71.0,91.0,113.0,145.0,158.0,280.9
Nuble,16.0,San Fabian,16304.0,4654.0,0.0,5.0,6.0,6.0,6.0,6.0,6.0,6.0,6.0,6.0,7.0,8.0,8.0,8.0,8.0,8.0,8.0,8.0,8.0,8.0,8.0,8.0,8.0,8.0,8.0,8.0,171.9
Nuble,16.0,San Ignacio,16108.0,16624.0,0.0,0.0,0.0,6.0,6.0,6.0,6.0,4.0,4.0,4.0,5.0,6.0,8.0,10.0,11.0,11.0,11.0,14.0,14.0,16.0,24.0,26.0,30.0,33.0,45.0,65.0,391.0
Nuble,16.0,San Nicolas,16305.0,12172.0,0.0,0.0,4.0,10.0,11.0,12.0,12.0,14.0,14.0,14.0,14.0,16.0,16.0,14.0,15.0,15.0,17.0,17.0,19.0,25.0,26.0,26.0,33.0,35.0,40.0,43.0,353.3
Nuble,16.0,Treguaco,16207.0,5696.0,0.0,0.0,0.0,0.0,0.0,0.0,0.0,0.0,0.0,0.0,0.0,0.0,0.0,0.0,0.0,0.0,0.0,0.0,0.0,0.0,1.0,1.0,1.0,2.0,3.0,3.0,52.7
Nuble,16.0,Yungay,16109.0,18596.0,0.0,7.0,10.0,26.0,37.0,38.0,42.0,42.0,45.0,46.0,46.0,48.0,52.0,55.0,55.0,55.0,57.0,58.0,59.0,59.0,62.0,62.0,63.0,67.0,69.0,72.0,387.2
Nuble,16.0,Total,,511551.0,162.0,259.0,370.0,474.0,561.0,589.0,618.0,634.0,656.0,689.0,721.0,731.0,766.0,785.0,796.0,824.0,890.0,998.0,1037.0,1148.0,1251.0,1303.0,1440.0,1566.0,1735.0,1850.0,361.6
,,,,,,,,,,,,,,,,,,,,,,,,,,,,,,,
Biobio,8.0,Alto Biobio,8314.0,6775.0,0.0,0.0,0.0,0.0,0.0,0.0,0.0,1.0,1.0,1.0,0.0,0.0,0.0,0.0,0.0,0.0,0.0,0.0,1.0,17.0,45.0,88.0,98.0,120.0,123.0,132.0,1948.3
Biobio,8.0,Antuco,8302.0,4306.0,0.0,0.0,0.0,0.0,0.0,0.0,0.0,0.0,0.0,0.0,0.0,0.0,0.0,0.0,1.0,2.0,3.0,4.0,4.0,4.0,14.0,16.0,18.0,19.0,23.0,24.0,557.4
Biobio,8.0,Arauco,8202.0,38679.0,0.0,5.0,6.0,6.0,6.0,6.0,6.0,5.0,6.0,6.0,6.0,6.0,6.0,6.0,11.0,15.0,15.0,18.0,28.0,34.0,44.0,63.0,68.0,75.0,85.0,91.0,235.3
Biobio,8.0,Cabrero,8303.0,30725.0,0.0,0.0,0.0,0.0,0.0,4.0,7.0,8.0,9.0,9.0,13.0,15.0,16.0,16.0,22.0,22.0,23.0,24.0,26.0,26.0,27.0,29.0,30.0,34.0,37.0,45.0,146.5
Biobio,8.0,Canete,8203.0,37003.0,0.0,0.0,0.0,0.0,0.0,0.0,0.0,0.0,0.0,0.0,0.0,0.0,0.0,0.0,1.0,0.0,0.0,0.0,3.0,9.0,11.0,14.0,15.0,20.0,21.0,21.0,56.8
Biobio,8.0,Chiguayante,8103.0,91180.0,6.0,18.0,26.0,32.0,35.0,40.0,41.0,37.0,39.0,41.0,57.0,58.0,61.0,69.0,71.0,75.0,77.0,84.0,87.0,88.0,97.0,108.0,119.0,126.0,149.0,163.0,178.8
Biobio,8.0,Concepcion,8101.0,238092.0,28.0,47.0,53.0,70.0,73.0,81.0,92.0,130.0,142.0,149.0,136.0,139.0,147.0,141.0,159.0,171.0,177.0,184.0,209.0,236.0,284.0,321.0,355.0,385.0,464.0,541.0,227.2
Biobio,8.0,Contulmo,8204.0,6330.0,0.0,0.0,0.0,0.0,0.0,0.0,0.0,0.0,0.0,0.0,0.0,0.0,0.0,0.0,0.0,0.0,0.0,0.0,0.0,0.0,0.0,0.0,1.0,1.0,1.0,1.0,15.8
Biobio,8.0,Coronel,8102.0,125829.0,0.0,11.0,12.0,13.0,18.0,18.0,18.0,15.0,15.0,15.0,16.0,18.0,21.0,22.0,29.0,30.0,39.0,46.0,56.0,66.0,111.0,159.0,196.0,216.0,275.0,309.0,245.6
Biobio,8.0,Curanilahue,8205.0,33892.0,0.0,0.0,0.0,0.0,0.0,0.0,1.0,1.0,1.0,1.0,2.0,2.0,1.0,1.0,3.0,3.0,4.0,5.0,5.0,5.0,6.0,7.0,8.0,13.0,22.0,26.0,76.7
Biobio,8.0,Florida,8104.0,11841.0,0.0,0.0,0.0,0.0,0.0,0.0,2.0,4.0,4.0,4.0,3.0,3.0,3.0,3.0,3.0,3.0,3.0,3.0,4.0,4.0,5.0,5.0,5.0,5.0,6.0,7.0,59.1
Biobio,8.0,Hualpen,8112.0,97273.0,0.0,39.0,50.0,67.0,74.0,83.0,93.0,65.0,70.0,77.0,103.0,104.0,103.0,115.0,120.0,123.0,130.0,133.0,142.0,146.0,152.0,159.0,175.0,184.0,199.0,217.0,223.1
Biobio,8.0,Hualqui,8105.0,26201.0,0.0,0.0,0.0,7.0,7.0,7.0,8.0,9.0,13.0,15.0,19.0,19.0,20.0,20.0,20.0,21.0,22.0,24.0,27.0,33.0,42.0,43.0,46.0,50.0,53.0,56.0,213.7
Biobio,8.0,Laja,8304.0,23873.0,0.0,0.0,0.0,5.0,5.0,5.0,6.0,7.0,7.0,7.0,10.0,12.0,12.0,12.0,15.0,24.0,42.0,51.0,54.0,57.0,59.0,62.0,67.0,67.0,72.0,76.0,318.4
Biobio,8.0,Lebu,8201.0,27100.0,0.0,0.0,0.0,0.0,0.0,0.0,0.0,0.0,0.0,0.0,0.0,0.0,0.0,0.0,0.0,2.0,2.0,2.0,2.0,2.0,2.0,3.0,3.0,8.0,9.0,11.0,40.6
Biobio,8.0,Los Alamos,8206.0,22524.0,0.0,0.0,0.0,0.0,0.0,0.0,0.0,0.0,0.0,0.0,1.0,1.0,1.0,1.0,1.0,1.0,1.0,1.0,1.0,2.0,2.0,2.0,3.0,3.0,5.0,7.0,31.1
Biobio,8.0,Los Angeles,8301.0,218515.0,11.0,15.0,12.0,17.0,22.0,22.0,22.0,25.0,26.0,30.0,31.0,31.0,31.0,31.0,33.0,45.0,71.0,96.0,137.0,160.0,208.0,236.0,295.0,327.0,368.0,400.0,183.1
Biobio,8.0,Lota,8106.0,45750.0,0.0,0.0,0.0,0.0,0.0,0.0,1.0,1.0,1.0,1.0,1.0,1.0,1.0,2.0,9.0,13.0,15.0,24.0,32.0,35.0,44.0,54.0,61.0,70.0,80.0,88.0,192.3
Biobio,8.0,Mulchen,8305.0,31041.0,0.0,5.0,5.0,5.0,5.0,5.0,5.0,5.0,5.0,5.0,5.0,5.0,5.0,6.0,7.0,9.0,10.0,11.0,11.0,11.0,14.0,20.0,22.0,24.0,27.0,27.0,87.0
Biobio,8.0,Nacimiento,8306.0,27944.0,0.0,0.0,0.0,0.0,4.0,5.0,9.0,10.0,10.0,10.0,10.0,10.0,10.0,12.0,16.0,20.0,21.0,24.0,28.0,32.0,35.0,37.0,38.0,42.0,46.0,58.0,207.6
Biobio,8.0,Negrete,8307.0,10429.0,0.0,0.0,0.0,0.0,0.0,0.0,2.0,2.0,2.0,2.0,2.0,2.0,2.0,2.0,2.0,5.0,9.0,16.0,25.0,27.0,30.0,39.0,39.0,43.0,58.0,65.0,623.3
Biobio,8.0,Penco,8107.0,49865.0,0.0,0.0,0.0,5.0,5.0,5.0,9.0,11.0,12.0,15.0,17.0,18.0,19.0,20.0,20.0,21.0,22.0,23.0,24.0,26.0,33.0,37.0,45.0,63.0,82.0,103.0,206.6
Biobio,8.0,Quilaco,8308.0,4179.0,0.0,0.0,0.0,0.0,0.0,0.0,0.0,0.0,0.0,0.0,0.0,0.0,0.0,0.0,0.0,0.0,0.0,0.0,0.0,0.0,0.0,0.0,1.0,3.0,5.0,5.0,119.6
Biobio,8.0,Quilleco,8309.0,10032.0,0.0,0.0,0.0,0.0,0.0,0.0,0.0,0.0,0.0,1.0,1.0,0.0,0.0,0.0,0.0,0.0,0.0,0.0,0.0,1.0,1.0,2.0,3.0,5.0,6.0,6.0,59.8
Biobio,8.0,San Pedro de la Paz,8108.0,145906.0,18.0,50.0,56.0,63.0,71.0,73.0,80.0,75.0,75.0,85.0,99.0,99.0,100.0,106.0,109.0,112.0,117.0,119.0,133.0,147.0,183.0,197.0,216.0,236.0,279.0,318.0,217.9
Biobio,8.0,San Rosendo,8310.0,3611.0,0.0,0.0,0.0,0.0,0.0,0.0,0.0,0.0,0.0,0.0,0.0,0.0,0.0,0.0,0.0,0.0,0.0,2.0,2.0,2.0,2.0,2.0,3.0,5.0,5.0,5.0,138.5
Biobio,8.0,Santa Barbara,8311.0,14592.0,0.0,0.0,0.0,0.0,0.0,0.0,2.0,3.0,3.0,3.0,3.0,2.0,2.0,2.0,2.0,2.0,7.0,13.0,14.0,18.0,26.0,34.0,40.0,43.0,45.0,50.0,342.7
Biobio,8.0,Santa Juana,8109.0,14779.0,0.0,0.0,0.0,0.0,0.0,0.0,0.0,0.0,0.0,1.0,2.0,2.0,2.0,2.0,2.0,2.0,2.0,2.0,2.0,2.0,2.0,3.0,4.0,8.0,16.0,21.0,142.1
Biobio,8.0,Talcahuano,8110.0,158345.0,0.0,23.0,29.0,36.0,45.0,46.0,56.0,82.0,85.0,97.0,90.0,95.0,103.0,109.0,118.0,127.0,136.0,143.0,161.0,167.0,189.0,206.0,244.0,262.0,289.0,313.0,197.7
Biobio,8.0,Tirua,8207.0,11019.0,0.0,0.0,0.0,4.0,4.0,4.0,4.0,4.0,4.0,4.0,4.0,4.0,4.0,4.0,4.0,4.0,4.0,4.0,4.0,4.0,4.0,4.0,4.0,4.0,6.0,8.0,72.6
Biobio,8.0,Tome,8111.0,58729.0,4.0,6.0,9.0,25.0,30.0,30.0,37.0,37.0,37.0,41.0,50.0,50.0,50.0,49.0,50.0,63.0,67.0,71.0,73.0,75.0,79.0,85.0,96.0,107.0,135.0,145.0,246.9
Biobio,8.0,Tucapel,8312.0,15205.0,,0.0,0.0,0.0,0.0,0.0,1.0,0.0,1.0,1.0,1.0,1.0,1.0,1.0,1.0,1.0,1.0,4.0,4.0,7.0,8.0,12.0,24.0,35.0,49.0,50.0,328.8
Biobio,8.0,Yumbel,8313.0,22132.0,5.0,5.0,5.0,5.0,5.0,5.0,5.0,5.0,5.0,6.0,6.0,6.0,6.0,7.0,10.0,14.0,14.0,14.0,14.0,19.0,24.0,27.0,32.0,35.0,37.0,44.0,198.8
Biobio,8.0,Total,,1663696.0,85.0,240.0,302.0,383.0,439.0,474.0,512.0,542.0,578.0,627.0,688.0,703.0,727.0,759.0,839.0,930.0,1034.0,1145.0,1313.0,1462.0,1783.0,2074.0,2374.0,2638.0,3077.0,3433.0,206.3
,,,,,,,,,,,,,,,,,,,,,,,,,,,,,,,
La Araucania,9.0,Angol,9201.0,56058.0,7.0,13.0,12.0,15.0,23.0,24.0,28.0,36.0,38.0,51.0,75.0,80.0,106.0,110.0,112.0,118.0,122.0,124.0,127.0,138.0,149.0,157.0,172.0,185.0,226.0,262.0,467.4
La Araucania,9.0,Carahue,9102.0,25486.0,0.0,0.0,0.0,0.0,6.0,6.0,18.0,20.0,22.0,26.0,30.0,31.0,30.0,34.0,35.0,36.0,35.0,36.0,39.0,45.0,50.0,53.0,63.0,69.0,68.0,69.0,270.7
La Araucania,9.0,Cholchol,9121.0,12341.0,0.0,0.0,0.0,0.0,0.0,4.0,4.0,4.0,5.0,5.0,5.0,5.0,6.0,6.0,4.0,4.0,5.0,5.0,6.0,6.0,6.0,7.0,16.0,22.0,24.0,24.0,194.5
La Araucania,9.0,Collipulli,9202.0,26148.0,0.0,0.0,0.0,0.0,0.0,0.0,1.0,1.0,0.0,1.0,2.0,3.0,4.0,4.0,6.0,6.0,6.0,7.0,12.0,20.0,26.0,29.0,30.0,34.0,38.0,41.0,156.8
La Araucania,9.0,Cunco,9103.0,18055.0,0.0,0.0,0.0,5.0,5.0,5.0,5.0,6.0,6.0,6.0,6.0,6.0,5.0,5.0,6.0,6.0,6.0,7.0,20.0,26.0,29.0,29.0,31.0,39.0,45.0,49.0,271.4
La Araucania,9.0,Curacautin,9203.0,18178.0,0.0,0.0,0.0,0.0,0.0,5.0,5.0,5.0,5.0,5.0,6.0,6.0,5.0,6.0,6.0,7.0,7.0,7.0,7.0,7.0,7.0,8.0,8.0,8.0,10.0,18.0,99.0
La Araucania,9.0,Curarrehue,9104.0,7802.0,0.0,0.0,0.0,0.0,4.0,4.0,4.0,4.0,4.0,4.0,4.0,4.0,4.0,4.0,4.0,4.0,4.0,4.0,4.0,4.0,4.0,4.0,4.0,4.0,4.0,4.0,51.3
La Araucania,9.0,Ercilla,9204.0,8458.0,0.0,0.0,0.0,0.0,0.0,0.0,3.0,3.0,4.0,7.0,8.0,8.0,10.0,10.0,11.0,11.0,11.0,11.0,11.0,11.0,11.0,16.0,16.0,16.0,16.0,18.0,212.8
La Araucania,9.0,Freire,9105.0,25446.0,0.0,0.0,5.0,5.0,5.0,5.0,5.0,5.0,5.0,6.0,7.0,7.0,7.0,7.0,7.0,9.0,19.0,26.0,29.0,40.0,57.0,66.0,73.0,81.0,90.0,95.0,373.3
La Araucania,9.0,Galvarino,9106.0,12633.0,0.0,0.0,0.0,0.0,0.0,0.0,2.0,2.0,2.0,2.0,2.0,2.0,2.0,2.0,4.0,4.0,4.0,4.0,3.0,4.0,8.0,17.0,47.0,61.0,87.0,97.0,767.8
La Araucania,9.0,Gorbea,9107.0,15148.0,4.0,6.0,7.0,10.0,10.0,10.0,10.0,10.0,10.0,10.0,12.0,12.0,12.0,12.0,13.0,13.0,14.0,15.0,17.0,18.0,19.0,20.0,20.0,25.0,30.0,33.0,217.9
La Araucania,9.0,Lautaro,9108.0,40746.0,0.0,8.0,10.0,16.0,19.0,19.0,22.0,25.0,27.0,30.0,34.0,38.0,38.0,40.0,45.0,53.0,55.0,55.0,56.0,61.0,66.0,78.0,89.0,94.0,99.0,102.0,250.3
La Araucania,9.0,Loncoche,9109.0,24739.0,0.0,0.0,4.0,4.0,6.0,6.0,6.0,9.0,9.0,9.0,9.0,10.0,18.0,18.0,20.0,20.0,20.0,20.0,21.0,21.0,35.0,41.0,46.0,46.0,49.0,49.0,198.1
La Araucania,9.0,Lonquimay,9205.0,11049.0,0.0,0.0,0.0,0.0,0.0,0.0,0.0,0.0,0.0,0.0,0.0,0.0,0.0,0.0,5.0,9.0,18.0,31.0,55.0,60.0,61.0,61.0,62.0,64.0,66.0,66.0,597.3
La Araucania,9.0,Los Sauces,9206.0,7517.0,0.0,0.0,0.0,0.0,0.0,0.0,0.0,0.0,0.0,0.0,0.0,0.0,1.0,1.0,1.0,1.0,1.0,1.0,1.0,1.0,2.0,2.0,4.0,6.0,7.0,7.0,93.1
La Araucania,9.0,Lumaco,9207.0,10050.0,0.0,0.0,0.0,0.0,0.0,0.0,0.0,0.0,0.0,0.0,0.0,1.0,6.0,6.0,7.0,7.0,7.0,7.0,8.0,8.0,8.0,11.0,14.0,14.0,14.0,15.0,149.3
La Araucania,9.0,Melipeuco,9110.0,6265.0,0.0,0.0,0.0,0.0,0.0,0.0,0.0,0.0,0.0,0.0,0.0,0.0,0.0,0.0,0.0,0.0,0.0,0.0,0.0,3.0,5.0,5.0,8.0,8.0,8.0,8.0,127.7
La Araucania,9.0,Nueva Imperial,9111.0,33777.0,0.0,0.0,11.0,16.0,20.0,22.0,25.0,32.0,34.0,37.0,36.0,44.0,47.0,47.0,41.0,44.0,52.0,52.0,52.0,53.0,54.0,55.0,56.0,64.0,80.0,89.0,263.5
La Araucania,9.0,Padre Las Casas,9112.0,82110.0,9.0,14.0,33.0,44.0,49.0,49.0,49.0,52.0,58.0,71.0,78.0,87.0,98.0,99.0,100.0,101.0,115.0,119.0,127.0,135.0,143.0,154.0,163.0,165.0,166.0,168.0,204.6
La Araucania,9.0,Perquenco,9113.0,7223.0,0.0,0.0,0.0,0.0,0.0,0.0,3.0,3.0,4.0,6.0,6.0,6.0,5.0,5.0,5.0,5.0,5.0,5.0,5.0,5.0,5.0,5.0,11.0,11.0,15.0,15.0,207.7
La Araucania,9.0,Pitrufquen,9114.0,26096.0,4.0,6.0,7.0,11.0,12.0,12.0,16.0,18.0,17.0,19.0,19.0,19.0,20.0,20.0,18.0,18.0,18.0,20.0,25.0,33.0,41.0,47.0,58.0,63.0,68.0,70.0,268.2
La Araucania,9.0,Pucon,9115.0,29782.0,0.0,0.0,0.0,4.0,5.0,5.0,5.0,6.0,10.0,11.0,12.0,14.0,14.0,14.0,16.0,16.0,17.0,18.0,19.0,24.0,27.0,36.0,50.0,52.0,55.0,60.0,201.5
La Araucania,9.0,Puren,9208.0,12188.0,0.0,0.0,0.0,0.0,0.0,0.0,2.0,2.0,2.0,2.0,2.0,2.0,3.0,4.0,6.0,7.0,7.0,7.0,7.0,7.0,8.0,9.0,9.0,9.0,9.0,9.0,73.8
La Araucania,9.0,Renaico,9209.0,10833.0,0.0,0.0,0.0,0.0,0.0,0.0,2.0,2.0,2.0,3.0,4.0,4.0,4.0,5.0,12.0,12.0,14.0,16.0,19.0,21.0,22.0,25.0,25.0,26.0,26.0,29.0,267.7
La Araucania,9.0,Saavedra,9116.0,12793.0,0.0,0.0,0.0,0.0,0.0,0.0,1.0,0.0,1.0,8.0,15.0,16.0,24.0,33.0,42.0,52.0,67.0,74.0,80.0,82.0,84.0,87.0,87.0,91.0,92.0,95.0,742.6
La Araucania,9.0,Temuco,9101.0,302931.0,154.0,225.0,293.0,365.0,407.0,443.0,471.0,506.0,547.0,605.0,644.0,665.0,673.0,683.0,711.0,734.0,752.0,782.0,793.0,812.0,824.0,830.0,838.0,849.0,857.0,871.0,287.5
La Araucania,9.0,Teodoro Schmidt,9117.0,15786.0,0.0,4.0,0.0,0.0,0.0,4.0,5.0,5.0,5.0,5.0,6.0,6.0,6.0,6.0,5.0,5.0,5.0,5.0,7.0,6.0,8.0,10.0,10.0,10.0,10.0,11.0,69.7
La Araucania,9.0,Tolten,9118.0,10055.0,0.0,0.0,4.0,5.0,7.0,7.0,7.0,6.0,6.0,6.0,6.0,6.0,6.0,6.0,8.0,8.0,8.0,8.0,8.0,14.0,15.0,16.0,16.0,16.0,16.0,16.0,159.1
La Araucania,9.0,Traiguen,9210.0,19314.0,0.0,0.0,0.0,0.0,0.0,0.0,2.0,2.0,2.0,3.0,3.0,3.0,2.0,2.0,2.0,2.0,3.0,5.0,8.0,9.0,9.0,9.0,15.0,19.0,22.0,28.0,145.0
La Araucania,9.0,Victoria,9211.0,35467.0,5.0,7.0,11.0,12.0,15.0,15.0,15.0,13.0,13.0,28.0,55.0,58.0,70.0,71.0,78.0,78.0,80.0,80.0,81.0,84.0,90.0,93.0,113.0,120.0,134.0,153.0,431.4
La Araucania,9.0,Vilcun,9119.0,30766.0,4.0,5.0,11.0,18.0,20.0,20.0,24.0,27.0,29.0,37.0,39.0,39.0,44.0,45.0,48.0,50.0,58.0,60.0,63.0,70.0,83.0,91.0,92.0,96.0,100.0,102.0,331.5
La Araucania,9.0,Villarrica,9120.0,59103.0,,4.0,6.0,11.0,15.0,15.0,18.0,19.0,17.0,18.0,19.0,19.0,20.0,20.0,21.0,22.0,21.0,22.0,22.0,23.0,25.0,31.0,33.0,35.0,41.0,49.0,82.9
La Araucania,9.0,Total,,1014343.0,203.0,343.0,432.0,562.0,669.0,712.0,795.0,826.0,907.0,1021.0,1144.0,1201.0,1290.0,1325.0,1399.0,1462.0,1556.0,1633.0,1732.0,1851.0,1981.0,2102.0,2279.0,2402.0,2572.0,2722.0,268.4
,,,,,,,,,,,,,,,,,,,,,,,,,,,,,,,
Los Rios,14.0,Corral,14102.0,5447.0,0.0,0.0,0.0,0.0,0.0,0.0,0.0,1.0,1.0,1.0,1.0,1.0,1.0,1.0,2.0,3.0,11.0,11.0,11.0,13.0,13.0,13.0,13.0,18.0,20.0,22.0,403.9
Los Rios,14.0,Futrono,14202.0,15261.0,0.0,0.0,0.0,5.0,5.0,5.0,5.0,5.0,5.0,5.0,5.0,5.0,5.0,5.0,5.0,5.0,5.0,7.0,15.0,24.0,30.0,34.0,40.0,43.0,53.0,53.0,347.3
Los Rios,14.0,La Union,14201.0,39538.0,0.0,9.0,10.0,17.0,18.0,18.0,18.0,23.0,23.0,21.0,27.0,29.0,32.0,39.0,40.0,40.0,40.0,41.0,42.0,42.0,43.0,44.0,48.0,52.0,59.0,66.0,166.9
Los Rios,14.0,Lago Ranco,14203.0,10292.0,0.0,0.0,0.0,0.0,0.0,0.0,2.0,2.0,2.0,2.0,2.0,2.0,2.0,2.0,2.0,2.0,2.0,2.0,2.0,2.0,2.0,2.0,2.0,2.0,2.0,2.0,19.4
Los Rios,14.0,Lanco,14103.0,17652.0,0.0,0.0,0.0,0.0,0.0,0.0,2.0,4.0,4.0,4.0,5.0,5.0,5.0,7.0,9.0,9.0,9.0,9.0,9.0,9.0,9.0,9.0,9.0,10.0,15.0,21.0,119.0
Los Rios,14.0,Los Lagos,14104.0,20518.0,0.0,0.0,0.0,0.0,0.0,0.0,0.0,0.0,0.0,0.0,0.0,0.0,0.0,0.0,0.0,0.0,0.0,0.0,0.0,2.0,18.0,22.0,23.0,24.0,38.0,57.0,277.8
Los Rios,14.0,Mafil,14105.0,7389.0,0.0,0.0,0.0,0.0,0.0,0.0,1.0,1.0,1.0,1.0,2.0,2.0,2.0,2.0,2.0,2.0,2.0,2.0,3.0,3.0,3.0,3.0,3.0,3.0,8.0,17.0,230.1
Los Rios,14.0,Mariquina,14106.0,23250.0,0.0,0.0,0.0,6.0,8.0,8.0,8.0,9.0,9.0,8.0,9.0,9.0,9.0,9.0,9.0,11.0,12.0,12.0,14.0,14.0,15.0,16.0,16.0,16.0,16.0,16.0,68.8
Los Rios,14.0,Paillaco,14107.0,20798.0,0.0,0.0,0.0,0.0,0.0,0.0,1.0,1.0,1.0,1.0,2.0,2.0,2.0,1.0,1.0,1.0,1.0,1.0,4.0,21.0,22.0,25.0,25.0,25.0,25.0,25.0,120.2
Los Rios,14.0,Panguipulli,14108.0,35991.0,0.0,0.0,0.0,0.0,0.0,0.0,2.0,0.0,0.0,1.0,0.0,0.0,0.0,0.0,0.0,0.0,0.0,1.0,3.0,6.0,8.0,12.0,21.0,33.0,33.0,33.0,91.7
Los Rios,14.0,Rio Bueno,14204.0,32925.0,0.0,0.0,0.0,5.0,5.0,5.0,10.0,7.0,7.0,11.0,10.0,11.0,13.0,13.0,12.0,12.0,12.0,12.0,13.0,14.0,14.0,16.0,16.0,18.0,18.0,18.0,54.7
Los Rios,14.0,Valdivia,14101.0,176774.0,12.0,45.0,47.0,65.0,72.0,82.0,88.0,97.0,101.0,101.0,105.0,107.0,110.0,121.0,121.0,122.0,124.0,125.0,147.0,154.0,160.0,174.0,182.0,189.0,200.0,209.0,118.2
Los Rios,14.0,Total,,405835.0,16.0,64.0,78.0,104.0,114.0,124.0,138.0,150.0,154.0,156.0,168.0,173.0,181.0,200.0,203.0,207.0,218.0,223.0,263.0,304.0,337.0,370.0,398.0,433.0,487.0,539.0,132.8
,,,,,,,,,,,,,,,,,,,,,,,,,,,,,,,
Los Lagos,10.0,Ancud,10202.0,42458.0,0.0,0.0,0.0,0.0,0.0,0.0,3.0,3.0,3.0,8.0,9.0,9.0,10.0,15.0,23.0,48.0,60.0,66.0,83.0,83.0,84.0,84.0,85.0,86.0,87.0,93.0,219.0
Los Lagos,10.0,Calbuco,10102.0,36744.0,4.0,5.0,5.0,5.0,5.0,5.0,7.0,5.0,8.0,6.0,7.0,7.0,7.0,7.0,7.0,8.0,8.0,8.0,8.0,8.0,8.0,8.0,8.0,8.0,9.0,10.0,27.2
Los Lagos,10.0,Castro,10201.0,47607.0,0.0,0.0,0.0,4.0,6.0,7.0,7.0,7.0,7.0,7.0,7.0,7.0,8.0,8.0,7.0,7.0,8.0,8.0,8.0,8.0,8.0,8.0,8.0,8.0,9.0,9.0,18.9
Los Lagos,10.0,Chaiten,10401.0,5020.0,0.0,0.0,0.0,0.0,0.0,0.0,1.0,1.0,1.0,1.0,1.0,1.0,1.0,1.0,1.0,1.0,1.0,1.0,1.0,1.0,1.0,1.0,1.0,1.0,1.0,1.0,19.9
Los Lagos,10.0,Chonchi,10203.0,16013.0,0.0,0.0,0.0,0.0,0.0,0.0,0.0,0.0,0.0,0.0,0.0,0.0,0.0,0.0,0.0,0.0,0.0,0.0,0.0,0.0,0.0,0.0,0.0,0.0,0.0,0.0,0.0
Los Lagos,10.0,Cochamo,10103.0,4006.0,0.0,0.0,0.0,0.0,0.0,0.0,0.0,0.0,1.0,1.0,1.0,1.0,1.0,1.0,1.0,1.0,1.0,1.0,1.0,1.0,1.0,1.0,1.0,1.0,1.0,1.0,25.0
Los Lagos,10.0,Curaco de Velez,10204.0,4066.0,0.0,0.0,0.0,0.0,0.0,0.0,0.0,0.0,0.0,0.0,0.0,0.0,0.0,0.0,0.0,0.0,0.0,0.0,0.0,0.0,0.0,0.0,0.0,0.0,0.0,0.0,0.0
Los Lagos,10.0,Dalcahue,10205.0,15069.0,0.0,0.0,0.0,0.0,0.0,0.0,0.0,0.0,0.0,0.0,0.0,0.0,0.0,0.0,0.0,0.0,0.0,0.0,2.0,6.0,6.0,6.0,6.0,6.0,6.0,7.0,46.5
Los Lagos,10.0,Fresia,10104.0,12656.0,0.0,0.0,0.0,0.0,0.0,0.0,0.0,0.0,1.0,1.0,0.0,0.0,0.0,0.0,0.0,0.0,0.0,0.0,0.0,0.0,0.0,0.0,0.0,0.0,1.0,2.0,15.8
Los Lagos,10.0,Frutillar,10105.0,20223.0,0.0,0.0,0.0,0.0,0.0,0.0,5.0,6.0,6.0,6.0,6.0,6.0,6.0,6.0,6.0,6.0,7.0,7.0,7.0,9.0,11.0,12.0,12.0,12.0,13.0,15.0,74.2
Los Lagos,10.0,Futaleufu,10402.0,2806.0,0.0,0.0,0.0,0.0,0.0,0.0,0.0,0.0,0.0,0.0,0.0,0.0,0.0,0.0,0.0,0.0,0.0,0.0,1.0,1.0,1.0,1.0,1.0,1.0,1.0,1.0,35.6
Los Lagos,10.0,Hualaihue,10403.0,9525.0,0.0,0.0,0.0,0.0,0.0,0.0,3.0,3.0,3.0,3.0,3.0,3.0,3.0,3.0,3.0,3.0,3.0,3.0,3.0,3.0,3.0,3.0,4.0,4.0,4.0,4.0,42.0
Los Lagos,10.0,Llanquihue,10107.0,18621.0,0.0,0.0,0.0,0.0,0.0,0.0,3.0,1.0,2.0,1.0,1.0,1.0,1.0,1.0,1.0,6.0,6.0,6.0,6.0,6.0,6.0,6.0,6.0,6.0,8.0,9.0,48.3
Los Lagos,10.0,Los Muermos,10106.0,17817.0,0.0,0.0,0.0,0.0,0.0,0.0,1.0,1.0,1.0,1.0,1.0,1.0,1.0,1.0,1.0,2.0,2.0,2.0,2.0,2.0,2.0,2.0,2.0,2.0,3.0,3.0,16.8
Los Lagos,10.0,Maullin,10108.0,14894.0,0.0,0.0,0.0,0.0,0.0,0.0,1.0,1.0,2.0,1.0,1.0,1.0,1.0,1.0,1.0,1.0,1.0,3.0,14.0,15.0,15.0,15.0,15.0,15.0,15.0,15.0,100.7
Los Lagos,10.0,Osorno,10301.0,173410.0,66.0,120.0,163.0,190.0,207.0,220.0,232.0,241.0,249.0,265.0,278.0,282.0,306.0,315.0,320.0,324.0,340.0,341.0,343.0,343.0,355.0,369.0,391.0,399.0,414.0,419.0,241.6
Los Lagos,10.0,Palena,10404.0,1827.0,0.0,0.0,0.0,0.0,0.0,0.0,0.0,0.0,0.0,0.0,0.0,0.0,0.0,0.0,0.0,0.0,0.0,0.0,0.0,0.0,0.0,0.0,0.0,0.0,0.0,0.0,0.0
Los Lagos,10.0,Puerto Montt,10101.0,269398.0,34.0,44.0,25.0,35.0,37.0,39.0,68.0,73.0,76.0,75.0,73.0,73.0,52.0,52.0,52.0,54.0,62.0,63.0,88.0,110.0,122.0,133.0,193.0,213.0,248.0,303.0,112.5
Los Lagos,10.0,Puerto Octay,10302.0,9192.0,0.0,0.0,0.0,0.0,0.0,0.0,1.0,1.0,1.0,1.0,2.0,4.0,4.0,3.0,5.0,5.0,5.0,5.0,5.0,5.0,5.0,5.0,5.0,5.0,5.0,5.0,54.4
Los Lagos,10.0,Puerto Varas,10109.0,48620.0,0.0,0.0,0.0,4.0,0.0,0.0,6.0,7.0,8.0,8.0,9.0,9.0,9.0,8.0,8.0,8.0,8.0,9.0,11.0,15.0,17.0,18.0,30.0,37.0,45.0,53.0,109.0
Los Lagos,10.0,Puqueldon,10206.0,4201.0,0.0,0.0,0.0,0.0,0.0,0.0,0.0,0.0,0.0,0.0,0.0,0.0,0.0,0.0,0.0,0.0,0.0,0.0,0.0,0.0,0.0,0.0,0.0,0.0,0.0,0.0,0.0
Los Lagos,10.0,Purranque,10303.0,21080.0,0.0,0.0,5.0,5.0,11.0,16.0,16.0,16.0,16.0,16.0,17.0,17.0,19.0,23.0,27.0,27.0,30.0,30.0,32.0,35.0,58.0,62.0,66.0,68.0,68.0,68.0,322.6
Los Lagos,10.0,Puyehue,10304.0,11787.0,0.0,0.0,0.0,0.0,0.0,0.0,2.0,1.0,1.0,1.0,1.0,2.0,4.0,4.0,6.0,6.0,6.0,6.0,7.0,7.0,7.0,9.0,11.0,11.0,10.0,11.0,93.3
Los Lagos,10.0,Queilen,10207.0,5543.0,0.0,0.0,0.0,0.0,0.0,0.0,0.0,0.0,0.0,0.0,0.0,0.0,0.0,0.0,0.0,0.0,0.0,0.0,0.0,0.0,0.0,0.0,0.0,0.0,0.0,0.0,0.0
Los Lagos,10.0,Quellon,10208.0,29309.0,0.0,0.0,0.0,0.0,0.0,0.0,0.0,0.0,0.0,0.0,0.0,0.0,0.0,1.0,1.0,1.0,1.0,1.0,1.0,1.0,1.0,1.0,1.0,1.0,1.0,1.0,3.4
Los Lagos,10.0,Quemchi,10209.0,8783.0,0.0,0.0,0.0,0.0,0.0,0.0,0.0,0.0,0.0,0.0,0.0,0.0,0.0,0.0,0.0,0.0,0.0,0.0,4.0,5.0,6.0,13.0,14.0,14.0,14.0,14.0,159.4
Los Lagos,10.0,Quinchao,10210.0,8298.0,0.0,0.0,0.0,0.0,0.0,0.0,1.0,1.0,1.0,1.0,1.0,1.0,1.0,1.0,1.0,1.0,1.0,1.0,1.0,1.0,1.0,1.0,1.0,1.0,1.0,2.0,24.1
Los Lagos,10.0,Rio Negro,10305.0,14275.0,0.0,0.0,0.0,0.0,0.0,0.0,3.0,3.0,4.0,4.0,5.0,5.0,10.0,13.0,18.0,19.0,25.0,25.0,26.0,27.0,32.0,32.0,31.0,32.0,32.0,32.0,224.2
Los Lagos,10.0,San Juan de la Costa,10306.0,7639.0,0.0,0.0,0.0,7.0,11.0,11.0,14.0,13.0,15.0,16.0,22.0,24.0,26.0,29.0,27.0,32.0,34.0,34.0,34.0,34.0,34.0,34.0,34.0,34.0,40.0,42.0,549.8
Los Lagos,10.0,San Pablo,10307.0,10553.0,0.0,0.0,0.0,0.0,6.0,6.0,6.0,6.0,6.0,8.0,8.0,8.0,9.0,10.0,9.0,9.0,9.0,10.0,10.0,12.0,12.0,12.0,12.0,12.0,12.0,12.0,113.7
Los Lagos,10.0,Total,,891440.0,112.0,181.0,234.0,286.0,325.0,349.0,380.0,390.0,412.0,431.0,453.0,462.0,479.0,503.0,525.0,569.0,618.0,630.0,698.0,738.0,796.0,836.0,938.0,977.0,1048.0,1132.0,127.0
,,,,,,,,,,,,,,,,,,,,,,,,,,,,,,,
Aysen,11.0,Aysen,11201.0,25002.0,0.0,0.0,4.0,5.0,4.0,4.0,3.0,3.0,3.0,1.0,1.0,1.0,1.0,1.0,1.0,1.0,1.0,1.0,1.0,1.0,4.0,4.0,4.0,4.0,4.0,6.0,24.0
Aysen,11.0,Chile Chico,11401.0,5121.0,0.0,0.0,0.0,0.0,0.0,0.0,1.0,1.0,1.0,1.0,1.0,1.0,1.0,1.0,1.0,1.0,1.0,1.0,1.0,1.0,1.0,1.0,1.0,1.0,1.0,1.0,19.5
Aysen,11.0,Cisnes,11202.0,5828.0,0.0,0.0,0.0,0.0,0.0,0.0,0.0,0.0,0.0,0.0,0.0,0.0,0.0,0.0,0.0,0.0,0.0,0.0,0.0,0.0,0.0,0.0,0.0,0.0,0.0,0.0,0.0
Aysen,11.0,Cochrane,11301.0,3685.0,0.0,0.0,0.0,0.0,0.0,0.0,0.0,0.0,0.0,0.0,0.0,0.0,0.0,0.0,0.0,0.0,0.0,0.0,0.0,0.0,0.0,0.0,0.0,0.0,0.0,0.0,0.0
Aysen,11.0,Coyhaique,11101.0,61210.0,0.0,0.0,0.0,0.0,0.0,0.0,2.0,2.0,2.0,3.0,3.0,3.0,2.0,2.0,3.0,3.0,3.0,3.0,3.0,5.0,7.0,8.0,10.0,12.0,13.0,15.0,24.5
Aysen,11.0,Guaitecas,11203.0,1599.0,0.0,0.0,0.0,0.0,0.0,0.0,0.0,0.0,0.0,0.0,0.0,0.0,0.0,0.0,0.0,0.0,0.0,0.0,0.0,0.0,0.0,0.0,0.0,0.0,0.0,0.0,0.0
Aysen,11.0,Lago Verde,11102.0,920.0,0.0,0.0,0.0,0.0,0.0,0.0,0.0,0.0,0.0,0.0,0.0,0.0,0.0,0.0,0.0,0.0,0.0,0.0,0.0,0.0,0.0,0.0,0.0,0.0,0.0,0.0,0.0
Aysen,11.0,OHiggins,11302.0,661.0,0.0,0.0,0.0,0.0,0.0,0.0,0.0,0.0,0.0,0.0,0.0,0.0,0.0,0.0,0.0,0.0,0.0,0.0,0.0,0.0,0.0,0.0,0.0,0.0,0.0,0.0,0.0
Aysen,11.0,Rio Ibanez,11402.0,2699.0,0.0,0.0,0.0,0.0,0.0,0.0,0.0,0.0,0.0,0.0,0.0,0.0,0.0,0.0,0.0,0.0,0.0,0.0,0.0,0.0,0.0,0.0,0.0,0.0,0.0,0.0,0.0
Aysen,11.0,Tortel,11303.0,572.0,0.0,0.0,0.0,0.0,0.0,0.0,1.0,1.0,1.0,0.0,0.0,0.0,0.0,0.0,0.0,0.0,0.0,0.0,0.0,0.0,0.0,0.0,0.0,0.0,0.0,0.0,0.0
Aysen,11.0,Total,,107297.0,3.0,3.0,6.0,7.0,7.0,7.0,7.0,7.0,7.0,5.0,5.0,5.0,4.0,4.0,5.0,5.0,5.0,5.0,5.0,7.0,12.0,13.0,15.0,17.0,18.0,22.0,20.5
,,,,,,,,,,,,,,,,,,,,,,,,,,,,,,,
Magallanes y la Antartica,12.0,Antartica,12202.0,137.0,0.0,0.0,0.0,0.0,0.0,0.0,0.0,0.0,0.0,0.0,0.0,0.0,0.0,0.0,0.0,0.0,0.0,0.0,0.0,0.0,0.0,0.0,0.0,0.0,0.0,0.0,0.0
Magallanes y la Antartica,12.0,Cabo de Hornos,12201.0,1983.0,5.0,6.0,6.0,10.0,11.0,13.0,18.0,18.0,18.0,17.0,17.0,19.0,19.0,19.0,19.0,20.0,20.0,20.0,21.0,22.0,22.0,22.0,21.0,21.0,21.0,21.0,1059.0
Magallanes y la Antartica,12.0,Laguna Blanca,12102.0,264.0,0.0,0.0,0.0,0.0,0.0,0.0,0.0,0.0,0.0,0.0,0.0,0.0,0.0,0.0,0.0,0.0,0.0,0.0,1.0,1.0,0.0,0.0,0.0,0.0,0.0,0.0,0.0
Magallanes y la Antartica,12.0,Natales,12401.0,23782.0,0.0,4.0,5.0,5.0,5.0,6.0,6.0,6.0,7.0,6.0,7.0,8.0,8.0,8.0,9.0,9.0,9.0,11.0,12.0,12.0,13.0,13.0,13.0,14.0,14.0,15.0,63.1
Magallanes y la Antartica,12.0,Porvenir,12301.0,7323.0,0.0,0.0,0.0,0.0,0.0,0.0,4.0,4.0,5.0,8.0,8.0,8.0,8.0,8.0,9.0,9.0,9.0,9.0,9.0,9.0,9.0,9.0,9.0,9.0,9.0,9.0,122.9
Magallanes y la Antartica,12.0,Primavera,12302.0,694.0,0.0,0.0,0.0,0.0,0.0,0.0,0.0,0.0,1.0,1.0,1.0,1.0,1.0,1.0,1.0,1.0,1.0,1.0,1.0,1.0,1.0,1.0,1.0,1.0,2.0,2.0,288.2
Magallanes y la Antartica,12.0,Punta Arenas,12101.0,141984.0,29.0,87.0,143.0,203.0,207.0,299.0,387.0,416.0,470.0,516.0,581.0,623.0,685.0,744.0,825.0,858.0,893.0,925.0,945.0,968.0,999.0,1009.0,1024.0,1039.0,1058.0,1136.0,800.1
Magallanes y la Antartica,12.0,Rio Verde,12103.0,211.0,0.0,0.0,0.0,0.0,0.0,0.0,0.0,0.0,0.0,0.0,0.0,0.0,0.0,0.0,0.0,0.0,0.0,0.0,0.0,0.0,0.0,0.0,0.0,0.0,0.0,0.0,0.0
Magallanes y la Antartica,12.0,San Gregorio,12104.0,681.0,0.0,0.0,0.0,0.0,0.0,0.0,0.0,0.0,0.0,0.0,0.0,0.0,0.0,0.0,1.0,1.0,2.0,2.0,3.0,3.0,2.0,2.0,2.0,2.0,2.0,2.0,293.7
Magallanes y la Antartica,12.0,Timaukel,12303.0,282.0,0.0,0.0,0.0,0.0,0.0,0.0,0.0,0.0,0.0,0.0,0.0,0.0,0.0,0.0,0.0,0.0,0.0,0.0,0.0,0.0,0.0,0.0,0.0,0.0,0.0,0.0,0.0
Magallanes y la Antartica,12.0,Torres del Paine,12402.0,1021.0,0.0,0.0,0.0,0.0,0.0,0.0,0.0,0.0,0.0,0.0,0.0,0.0,0.0,1.0,1.0,0.0,0.0,0.0,0.0,0.0,0.0,0.0,0.0,0.0,0.0,0.0,0.0
Magallanes y la Antartica,,Total,,178362.0,35.0,99.0,156.0,221.0,266.0,331.0,415.0,444.0,501.0,548.0,617.0,659.0,721.0,781.0,865.0,898.0,934.0,968.0,992.0,1016.0,1046.0,1056.0,1070.0,1086.0,1106.0,1185.0,664.4
